desert_pred,forest_pred,grassland_pred,tundra_pred,desert_label,forest_label,grassland_label,tundra_label
0.9937383454090343,0.5404785339870538,0.5618269911853373,0.5178933625959884,1.0,0.0,0.0,0.0
0.9926849747644549,0.5,0.6919505241576475,0.5,1.0,0.0,0.0,0.0
0.9845272756388274,0.5,0.684000777303983,0.559036031519936,1.0,0.0,0.0,0.0
0.998514365403867,0.5,0.5955460444814991,0.5,1.0,0.0,0.0,0.0
0.9965337068074406,0.5,0.6080506797250961,0.5,1.0,0.0,0.0,0.0
0.9958689774480028,0.5,0.6045367337435855,0.5,1.0,0.0,0.0,0.0
0.9880865834812851,0.5,0.7625347764376083,0.5380410593018974,1.0,0.0,0.0,0.0
0.9194979001231082,0.6257931667754707,0.8295677910035715,0.5,1.0,0.0,0.0,0.0
0.9934927099084451,0.5,0.6210313137693231,0.5,1.0,0.0,0.0,0.0
0.9917440376257508,0.5,0.6724839482267039,0.5,1.0,0.0,0.0,0.0
0.9942989953607331,0.5051930020529674,0.6031607468834128,0.5620776800199143,1.0,0.0,0.0,0.0
0.9945364181955014,0.5,0.6381028832837873,0.5150695126534307,1.0,0.0,0.0,0.0
0.996059361255522,0.5,0.568963571433474,0.5648545352257592,1.0,0.0,0.0,0.0
0.9926922736875119,0.5,0.666231424537118,0.5,1.0,0.0,0.0,0.0
0.9794123148925886,0.5,0.7989496610942362,0.7116254784568089,1.0,0.0,0.0,0.0
0.9558837071822841,0.5,0.9058430631975436,0.505471610893314,1.0,0.0,0.0,0.0
0.993594831470968,0.5,0.6430615964172945,0.5,1.0,0.0,0.0,0.0
0.9984192910726254,0.5,0.5720613349011238,0.5,1.0,0.0,0.0,0.0
0.9985686790887095,0.5,0.569055938172339,0.5,1.0,0.0,0.0,0.0
0.9934577017341294,0.5,0.5860329370999715,0.5364205495456635,1.0,0.0,0.0,0.0
0.9977339859542572,0.5,0.5874684327918862,0.5,1.0,0.0,0.0,0.0
0.9973824957494506,0.5,0.6127321203804912,0.5,1.0,0.0,0.0,0.0
0.9958671644525314,0.5,0.612477800571318,0.5,1.0,0.0,0.0,0.0
0.9966411845042203,0.5,0.5847168362122257,0.5012838551498747,1.0,0.0,0.0,0.0
0.9905156084074279,0.5,0.6827625121562185,0.5,1.0,0.0,0.0,0.0
0.9596956929354742,0.5,0.8829280368646617,0.5782307444392468,1.0,0.0,0.0,0.0
0.9619285841946152,0.6864006120916651,0.5080864083619842,0.7742077537661601,1.0,0.0,0.0,0.0
0.9937809005045252,0.5,0.6446021926200841,0.5,1.0,0.0,0.0,0.0
0.9961367850355264,0.5,0.5659612865294774,0.5342989500434224,1.0,0.0,0.0,0.0
0.9989341735996498,0.5,0.5675433536714433,0.5,1.0,0.0,0.0,0.0
0.9958093930123249,0.5,0.6414506610815535,0.5,1.0,0.0,0.0,0.0
0.6197412078110273,0.8028867379813531,0.8851961198638257,0.5952156101299831,1.0,0.0,0.0,0.0
0.9952161200451684,0.5,0.6195943682489793,0.5,1.0,0.0,0.0,0.0
0.9914769832829113,0.5,0.5887304325258252,0.5625419737550265,1.0,0.0,0.0,0.0
0.9971468554140738,0.5,0.5753501483242348,0.5,1.0,0.0,0.0,0.0
0.9503691262159935,0.5778755730633711,0.5799269653470952,0.8078060174997523,1.0,0.0,0.0,0.0
0.99336769893954,0.5,0.5351460105062432,0.6135526630348382,1.0,0.0,0.0,0.0
0.9948800395899389,0.5,0.6190260282142661,0.5,1.0,0.0,0.0,0.0
0.9990662992917044,0.5,0.556319863217809,0.5,1.0,0.0,0.0,0.0
0.9965925834232842,0.5,0.5895403686559882,0.5,1.0,0.0,0.0,0.0
0.9980545201049129,0.5,0.583317782765796,0.5,1.0,0.0,0.0,0.0
0.9949692858006152,0.5,0.5830649413546732,0.5226692047582596,1.0,0.0,0.0,0.0
0.9972845819811106,0.5,0.5682521112387228,0.5,1.0,0.0,0.0,0.0
0.9949586224462622,0.5,0.6562650375816821,0.5,1.0,0.0,0.0,0.0
0.9348622329099449,0.5111144648638425,0.8504773829680802,0.5172850016954543,1.0,0.0,0.0,0.0
0.9879015691631704,0.5,0.6085343910873636,0.564224373235904,1.0,0.0,0.0,0.0
0.9956563313455508,0.5,0.5956032990070081,0.5,1.0,0.0,0.0,0.0
0.9963725921365248,0.5,0.6158050429073939,0.5,1.0,0.0,0.0,0.0
0.9943585061242962,0.5,0.5933105643314618,0.5287663644474485,1.0,0.0,0.0,0.0
0.9956114340896033,0.5,0.6105369644289681,0.5,1.0,0.0,0.0,0.0
0.9874213658377918,0.5,0.7351408407303494,0.5,1.0,0.0,0.0,0.0
0.9909948054293162,0.5,0.6880298658959226,0.5,1.0,0.0,0.0,0.0
0.996920784312492,0.5,0.6663577508061843,0.5,1.0,0.0,0.0,0.0
0.8483162284788208,0.6810127089404143,0.843290576890938,0.6466618154659667,1.0,0.0,0.0,0.0
0.9956127131408539,0.5,0.585440358283894,0.5,1.0,0.0,0.0,0.0
0.8387665633236155,0.5,0.9572859239718311,0.618692694147713,1.0,0.0,0.0,0.0
0.9961714357386333,0.5,0.639542518522051,0.5,1.0,0.0,0.0,0.0
0.9954073180343733,0.5,0.6142239010079662,0.5239675433906313,1.0,0.0,0.0,0.0
0.9690165188626172,0.6871195777445577,0.5625940005257497,0.6127942870618828,1.0,0.0,0.0,0.0
0.9936821757378781,0.5154854139944881,0.5850521307218415,0.5,1.0,0.0,0.0,0.0
0.9966522552804139,0.5,0.5176862419414312,0.6266696630952475,1.0,0.0,0.0,0.0
0.9952292240177774,0.5,0.6163251966861948,0.5,1.0,0.0,0.0,0.0
0.9909705133101823,0.5798970820963383,0.6836973518942877,0.5,1.0,0.0,0.0,0.0
0.995578931823822,0.5,0.6211252900657486,0.5,1.0,0.0,0.0,0.0
0.8238829417883741,0.521301064541192,0.9707785143678305,0.5167443141048637,1.0,0.0,0.0,0.0
0.9939344109234255,0.5,0.6635865207137137,0.5,1.0,0.0,0.0,0.0
0.9955646517007825,0.5,0.6197323865366023,0.5267300369001304,1.0,0.0,0.0,0.0
0.9935580500485096,0.5,0.6421162957065005,0.5251424603140755,1.0,0.0,0.0,0.0
0.9926801879518877,0.5,0.6889602656975323,0.5,1.0,0.0,0.0,0.0
0.995447280349403,0.5,0.6095633937145019,0.5686969468586589,1.0,0.0,0.0,0.0
0.9891747318414917,0.5,0.5184319202619362,0.7293496769664461,1.0,0.0,0.0,0.0
0.9960841907753201,0.5,0.5498905572462808,0.5876044415718864,1.0,0.0,0.0,0.0
0.9938522018884492,0.5,0.5381766091724495,0.647772311158216,1.0,0.0,0.0,0.0
0.9959181495930036,0.5,0.5922327542793127,0.5,1.0,0.0,0.0,0.0
0.9965194001600539,0.5,0.6158541512966127,0.5,1.0,0.0,0.0,0.0
0.9962206729829625,0.5,0.6213316497089714,0.5,1.0,0.0,0.0,0.0
0.9945570891108316,0.5,0.5376476666121601,0.6247388278588571,1.0,0.0,0.0,0.0
0.9910298400462583,0.5,0.6850606954083471,0.5,1.0,0.0,0.0,0.0
0.9970330566633622,0.5,0.5894675579659322,0.5,1.0,0.0,0.0,0.0
0.9911109132524538,0.5067296136437646,0.6361356802463695,0.5,1.0,0.0,0.0,0.0
0.9966155156653476,0.5,0.6066594151641782,0.5,1.0,0.0,0.0,0.0
0.9967814083130141,0.5,0.6093693236678952,0.5,1.0,0.0,0.0,0.0
0.9918257519850823,0.5065528574587461,0.6314472532140735,0.5,1.0,0.0,0.0,0.0
0.9942287868875936,0.5,0.6203434867706717,0.5,1.0,0.0,0.0,0.0
0.9935498747673419,0.5,0.6535803461478848,0.5,1.0,0.0,0.0,0.0
0.9925122641277413,0.5,0.6164634061551463,0.5283148451568431,1.0,0.0,0.0,0.0
0.9911644287453101,0.5,0.5832287984754772,0.6378785079400073,1.0,0.0,0.0,0.0
0.9935626172427746,0.5309902757238295,0.5534298741403302,0.5087722217646707,1.0,0.0,0.0,0.0
0.9997169341892538,0.5,0.5522494818138995,0.5,1.0,0.0,0.0,0.0
0.99876411195645,0.5,0.5776655114659444,0.5,1.0,0.0,0.0,0.0
0.9985523934308143,0.5,0.5664636016692522,0.5,1.0,0.0,0.0,0.0
0.9986061878287277,0.5,0.5851260487470261,0.5,1.0,0.0,0.0,0.0
0.9625855597690773,0.6577669513460319,0.5269320459705125,0.639330845993391,1.0,0.0,0.0,0.0
0.9991131686278081,0.5,0.5803907701832219,0.5,1.0,0.0,0.0,0.0
0.9959786124903433,0.5,0.6141453361009855,0.5,1.0,0.0,0.0,0.0
0.9948586404447545,0.5,0.6277780666277704,0.5,1.0,0.0,0.0,0.0
0.994028380083593,0.5,0.6541767034085626,0.5,1.0,0.0,0.0,0.0
0.994207906218087,0.5,0.6392880459112861,0.5,1.0,0.0,0.0,0.0
0.9979146907315393,0.5,0.5902333733750526,0.5,1.0,0.0,0.0,0.0
0.9922243802663314,0.6362021906326576,0.5609380528820788,0.5,1.0,0.0,0.0,0.0
0.9970749597068712,0.5,0.5995356707423124,0.5,1.0,0.0,0.0,0.0
0.9947042325337357,0.5,0.619288074238204,0.5,1.0,0.0,0.0,0.0
0.9978573084900951,0.5,0.5832209965170086,0.5,1.0,0.0,0.0,0.0
0.9975035773711651,0.5,0.5973496313258555,0.5,1.0,0.0,0.0,0.0
0.9869336925210341,0.5,0.7556663576937855,0.5,1.0,0.0,0.0,0.0
0.9984651608807377,0.5,0.6058608176324696,0.5,1.0,0.0,0.0,0.0
0.9977465515611277,0.5,0.584995819648049,0.5,1.0,0.0,0.0,0.0
0.985835586198298,0.5,0.7573147690698595,0.5,1.0,0.0,0.0,0.0
0.9986171927466395,0.5,0.5740509106409092,0.5,1.0,0.0,0.0,0.0
0.9884169610681531,0.5007257903485004,0.6740351359244154,0.5,1.0,0.0,0.0,0.0
0.993789779570665,0.5,0.6723627007412164,0.5,1.0,0.0,0.0,0.0
0.9927358434458029,0.5,0.6412208866391101,0.5,1.0,0.0,0.0,0.0
0.9939834459123678,0.5,0.6477374002083974,0.5,1.0,0.0,0.0,0.0
0.9924729617476516,0.5,0.6205865093505654,0.5,1.0,0.0,0.0,0.0
0.9972475406821237,0.5,0.5860242972309657,0.5,1.0,0.0,0.0,0.0
0.9946114853814112,0.5,0.6141034912401693,0.5,1.0,0.0,0.0,0.0
0.99684857125523,0.5,0.5804643280020125,0.5,1.0,0.0,0.0,0.0
0.9947993970586598,0.5,0.6316527186354286,0.5,1.0,0.0,0.0,0.0
0.9994931186854257,0.5,0.5529894121044576,0.5,1.0,0.0,0.0,0.0
0.9906656257872501,0.5,0.5,0.8175688755394394,1.0,0.0,0.0,0.0
0.9927265944930066,0.5,0.6367631619476244,0.5,1.0,0.0,0.0,0.0
0.9977629113338007,0.5,0.5987415060214148,0.5,1.0,0.0,0.0,0.0
0.9902666030955593,0.5,0.6231492508964857,0.5899443331526477,1.0,0.0,0.0,0.0
0.9980739593570555,0.5,0.5671478824032989,0.5,1.0,0.0,0.0,0.0
0.9319951445663751,0.5213292806721266,0.6165809676958364,0.8315211336479965,1.0,0.0,0.0,0.0
0.9920301370442771,0.5,0.6467649731936062,0.5,1.0,0.0,0.0,0.0
0.9960704725131205,0.5,0.6258624097481217,0.5,1.0,0.0,0.0,0.0
0.9986361343549994,0.5,0.5807251010107746,0.5,1.0,0.0,0.0,0.0
0.9892729873241244,0.5,0.726988681485976,0.5,1.0,0.0,0.0,0.0
0.9903419640377713,0.5,0.6812936833322497,0.5,1.0,0.0,0.0,0.0
0.9890933164498932,0.5,0.6815862329528933,0.5,1.0,0.0,0.0,0.0
0.9819944086544737,0.5,0.7923387208163114,0.52929612661546,1.0,0.0,0.0,0.0
0.9978586732011684,0.5,0.5828192951854247,0.5,1.0,0.0,0.0,0.0
0.9949655491354968,0.5,0.6259077128830004,0.5,1.0,0.0,0.0,0.0
0.9960846650191041,0.5,0.5869549069071338,0.6422155404209797,1.0,0.0,0.0,0.0
0.994573635708377,0.5,0.5861413249981632,0.5,1.0,0.0,0.0,0.0
0.9874927328604332,0.5,0.6814564212036867,0.5354002528014705,1.0,0.0,0.0,0.0
0.9915318217442478,0.5,0.653323553921688,0.510226406623336,1.0,0.0,0.0,0.0
0.9618176107245529,0.5,0.8221520413399644,0.5633502640853809,1.0,0.0,0.0,0.0
0.9947169097732385,0.5,0.616098938811625,0.5,1.0,0.0,0.0,0.0
0.9922498664464534,0.5,0.5925765484139277,0.5677328582497349,1.0,0.0,0.0,0.0
0.9789626582887488,0.5,0.8107423351624928,0.6602951522854584,1.0,0.0,0.0,0.0
0.9979338938487118,0.5,0.5909125264139593,0.5,1.0,0.0,0.0,0.0
0.9968497828909242,0.5,0.6077875026447801,0.5,1.0,0.0,0.0,0.0
0.9951031687104613,0.5362154314946097,0.5620447092928327,0.5081034992382448,1.0,0.0,0.0,0.0
0.9947054154816412,0.5,0.5959669723798684,0.5,1.0,0.0,0.0,0.0
0.9988117170810173,0.5,0.5856784493913918,0.5,1.0,0.0,0.0,0.0
0.9997020304616241,0.5,0.5612603886894207,0.5,1.0,0.0,0.0,0.0
0.9943096863721116,0.5,0.5531544837368622,0.5556624394261028,1.0,0.0,0.0,0.0
0.9908644704980739,0.5124255460196818,0.6291046317646959,0.5,1.0,0.0,0.0,0.0
0.9876081997416623,0.5,0.64439702940223,0.6038732346400822,1.0,0.0,0.0,0.0
0.9950190302429469,0.5,0.6107421115563895,0.5,1.0,0.0,0.0,0.0
0.9985006649378858,0.5,0.5930579596286765,0.5,1.0,0.0,0.0,0.0
0.9991976235972324,0.5,0.5803643799459103,0.5,1.0,0.0,0.0,0.0
0.9953808020833186,0.5167232339731682,0.5547067042273343,0.5,1.0,0.0,0.0,0.0
0.9996102501362926,0.5,0.5720602624149477,0.5,1.0,0.0,0.0,0.0
0.9061226635186201,0.5079104706841033,0.587862237976193,0.90929326600684,1.0,0.0,0.0,0.0
0.9986202998304607,0.5,0.5697382634397654,0.5,1.0,0.0,0.0,0.0
0.9903192337696405,0.5156925174324809,0.6319497781296575,0.5,1.0,0.0,0.0,0.0
0.9985694728514241,0.5,0.5695112333604044,0.5,1.0,0.0,0.0,0.0
0.9976925871801722,0.5,0.5843512499196291,0.5,1.0,0.0,0.0,0.0
0.9976073301902346,0.5,0.5847529830280882,0.5,1.0,0.0,0.0,0.0
0.9972641822313804,0.5,0.586466084435591,0.5,1.0,0.0,0.0,0.0
0.9980347952603826,0.5,0.577829888714579,0.5,1.0,0.0,0.0,0.0
0.996796855923824,0.5,0.6014056839756516,0.5,1.0,0.0,0.0,0.0
0.9973992241143853,0.5,0.5851647462027567,0.5,1.0,0.0,0.0,0.0
0.9998413793650812,0.5,0.5387300830251873,0.5,1.0,0.0,0.0,0.0
0.9997898125118033,0.5,0.5539315060249423,0.5,1.0,0.0,0.0,0.0
0.9969868129857797,0.5,0.6051528857089375,0.5,1.0,0.0,0.0,0.0
0.9992102604446153,0.5,0.582256196631938,0.5,1.0,0.0,0.0,0.0
0.9911520594986696,0.5,0.620729341465569,0.5576946969182135,1.0,0.0,0.0,0.0
0.9946840266793444,0.5,0.6185120021139452,0.5,1.0,0.0,0.0,0.0
0.9905392628790556,0.5,0.6657193284529134,0.5,1.0,0.0,0.0,0.0
0.9733413632919302,0.5658510888741721,0.5058912739588576,0.8267181127847559,1.0,0.0,0.0,0.0
0.936798069106884,0.5,0.9156346890377257,0.5580885473973112,1.0,0.0,0.0,0.0
0.9985178097584357,0.5,0.5743665892672442,0.5,1.0,0.0,0.0,0.0
0.9975110019312959,0.5,0.5729835160791031,0.5,1.0,0.0,0.0,0.0
0.9958656216054272,0.5,0.6224991951858407,0.5,1.0,0.0,0.0,0.0
0.9314447575412825,0.5,0.8617504131803249,0.8540899392555816,1.0,0.0,0.0,0.0
0.9533148062111214,0.5,0.8353604129087248,0.5767450922199833,1.0,0.0,0.0,0.0
0.997334726828668,0.5,0.5848395724706064,0.5,1.0,0.0,0.0,0.0
0.9969565751237962,0.5,0.6453033035021116,0.5,1.0,0.0,0.0,0.0
0.992355511542778,0.5,0.6556385735838789,0.5,1.0,0.0,0.0,0.0
0.9983423579029274,0.5,0.5692991836337088,0.5,1.0,0.0,0.0,0.0
0.9972540628780381,0.5,0.5842069642525265,0.5,1.0,0.0,0.0,0.0
0.9976083611633288,0.5,0.6167263488991024,0.5,1.0,0.0,0.0,0.0
0.9918116951110287,0.5,0.6794528305635513,0.5796987022965163,1.0,0.0,0.0,0.0
0.996708025235955,0.5,0.5929536354294701,0.5,1.0,0.0,0.0,0.0
0.983873045882675,0.5,0.6746219754546587,0.5,1.0,0.0,0.0,0.0
0.9923086010907324,0.5,0.5937062728346199,0.5502738827764222,1.0,0.0,0.0,0.0
0.9902275233691455,0.5,0.5994397713516312,0.5759195097386844,1.0,0.0,0.0,0.0
0.9966085973940874,0.5,0.6051055938154689,0.5,1.0,0.0,0.0,0.0
0.9987878908212198,0.5,0.5844400712183669,0.5,1.0,0.0,0.0,0.0
0.9942148711164123,0.5,0.6430647430999011,0.5,1.0,0.0,0.0,0.0
0.9661654120876005,0.7021401783938676,0.5,0.7067805071953894,1.0,0.0,0.0,0.0
0.9952571124081591,0.5035466701979447,0.5956807636254794,0.5,1.0,0.0,0.0,0.0
0.9964969610097563,0.5,0.6072151718765522,0.5,1.0,0.0,0.0,0.0
0.9730672901962525,0.5,0.7901151978679082,0.5,1.0,0.0,0.0,0.0
0.994368517448674,0.5,0.6272414453544976,0.5,1.0,0.0,0.0,0.0
0.9983361090077822,0.5,0.580100125644841,0.5,1.0,0.0,0.0,0.0
0.9912869847717223,0.5,0.6856608382035846,0.5008416950202578,1.0,0.0,0.0,0.0
0.9832415757849458,0.5,0.8235197168496524,0.5,1.0,0.0,0.0,0.0
0.9784456478624757,0.5,0.8351058498454104,0.5089292456859185,1.0,0.0,0.0,0.0
0.9970850830976099,0.5,0.5550529720041184,0.5499812742491713,1.0,0.0,0.0,0.0
0.9853414082782025,0.5,0.8105845765277037,0.5,1.0,0.0,0.0,0.0
0.9909350006705052,0.5,0.7179473795670083,0.5,1.0,0.0,0.0,0.0
0.9934370504354961,0.5068896075307774,0.6146955676993768,0.5,1.0,0.0,0.0,0.0
0.9988701411525023,0.5,0.5681645582016018,0.5,1.0,0.0,0.0,0.0
0.9804834164028879,0.5,0.8446187613720217,0.5,1.0,0.0,0.0,0.0
0.9861828924171472,0.5,0.5465366537067468,0.7113628651799673,1.0,0.0,0.0,0.0
0.9773325804511972,0.5,0.7821567742555607,0.5439769117258414,1.0,0.0,0.0,0.0
0.9980828978199631,0.5,0.5800213594626361,0.5,1.0,0.0,0.0,0.0
0.9980058587779718,0.5,0.5883300188519537,0.5,1.0,0.0,0.0,0.0
0.9986939020468355,0.5,0.5795666865336924,0.5,1.0,0.0,0.0,0.0
0.9915396854868651,0.5,0.5660500578147735,0.6363204782356021,1.0,0.0,0.0,0.0
0.9958408579015872,0.5,0.6149294608317102,0.5,1.0,0.0,0.0,0.0
0.9970136280559709,0.5,0.6346397804632369,0.5,1.0,0.0,0.0,0.0
0.9611064963637891,0.5,0.9197802932725977,0.5,1.0,0.0,0.0,0.0
0.9944629163478312,0.5,0.595990050541672,0.5174613226194679,1.0,0.0,0.0,0.0
0.9956309377192547,0.5,0.6041478617638113,0.5,1.0,0.0,0.0,0.0
0.9187325564807687,0.5,0.9085561535295524,0.6193957987261426,1.0,0.0,0.0,0.0
0.9964833087445237,0.5,0.5871984701436556,0.5,1.0,0.0,0.0,0.0
0.9980189732203405,0.5,0.6037104603949452,0.5,1.0,0.0,0.0,0.0
0.9978065239875825,0.5,0.5906333680167971,0.5,1.0,0.0,0.0,0.0
0.9984254829493487,0.5,0.5676812875222776,0.5,1.0,0.0,0.0,0.0
0.9961403726506168,0.5,0.637086361426755,0.5,1.0,0.0,0.0,0.0
0.9978701891319629,0.5,0.60561827918316,0.5029633629540715,1.0,0.0,0.0,0.0
0.9828667621573973,0.531483145020253,0.6582413462588432,0.5,1.0,0.0,0.0,0.0
0.995920188317437,0.5,0.5978259916009827,0.5,1.0,0.0,0.0,0.0
0.9928863520074178,0.5058684485369012,0.6053156185807214,0.5,1.0,0.0,0.0,0.0
0.9855181526421849,0.5,0.7304197903645578,0.6002603577288385,1.0,0.0,0.0,0.0
0.9763250377687177,0.5,0.8506336991341162,0.5,1.0,0.0,0.0,0.0
0.996104653797647,0.5,0.580722728175096,0.5,1.0,0.0,0.0,0.0
0.994285207264217,0.5028904801471068,0.6113964181398274,0.5,1.0,0.0,0.0,0.0
0.9967109528097006,0.5,0.5848830605954015,0.5,1.0,0.0,0.0,0.0
0.9884636970613266,0.5047867623791317,0.6926798463420073,0.5,1.0,0.0,0.0,0.0
0.9928460530610291,0.5173704130318767,0.6249322881467197,0.5,1.0,0.0,0.0,0.0
0.9904550053387774,0.5,0.6020682720812319,0.544096216527793,1.0,0.0,0.0,0.0
0.9953557497632195,0.5,0.5986648628460683,0.5,1.0,0.0,0.0,0.0
0.9980996371194604,0.5,0.5712044515702577,0.5,1.0,0.0,0.0,0.0
0.9968473591549906,0.5,0.6121052845229791,0.5,1.0,0.0,0.0,0.0
0.997992401667944,0.5,0.5782612923378633,0.5,1.0,0.0,0.0,0.0
0.9938149227955507,0.5,0.6312389374373013,0.5,1.0,0.0,0.0,0.0
0.9963404734419478,0.5,0.6110485758544437,0.5,1.0,0.0,0.0,0.0
0.9936899691306064,0.5,0.6381815704100557,0.5,1.0,0.0,0.0,0.0
0.9946223077400054,0.5,0.6333964509488899,0.5,1.0,0.0,0.0,0.0
0.9942458702017786,0.5348612140269975,0.6823844573626937,0.5,1.0,0.0,0.0,0.0
0.9982013758253204,0.5,0.5686529405054398,0.5,1.0,0.0,0.0,0.0
0.987662882832155,0.5,0.6506185805896957,0.6568064803250315,1.0,0.0,0.0,0.0
0.7493763195258607,0.6094177539812368,0.6134399988852562,0.9727596711259542,1.0,0.0,0.0,0.0
0.9976024560930224,0.5,0.5653761220755977,0.5154871594795858,1.0,0.0,0.0,0.0
0.993793501197359,0.5,0.560576383156764,0.6228527018677434,1.0,0.0,0.0,0.0
0.9940733908372906,0.5,0.6902160190456428,0.5,1.0,0.0,0.0,0.0
0.9932209896319717,0.5,0.6387748225980684,0.5,1.0,0.0,0.0,0.0
0.9961801733163463,0.5,0.5845861066660855,0.5475357553210549,1.0,0.0,0.0,0.0
0.9952715791820335,0.5,0.598694642844486,0.5216240656219128,1.0,0.0,0.0,0.0
0.9797490610021734,0.5,0.7669488208278592,0.610951767231379,1.0,0.0,0.0,0.0
0.9930815754715467,0.5,0.6605332519043507,0.5,1.0,0.0,0.0,0.0
0.9961239186848855,0.5,0.6277306266899619,0.5,1.0,0.0,0.0,0.0
0.996388035497741,0.5,0.6199964637418788,0.5,1.0,0.0,0.0,0.0
0.9985547921831884,0.5,0.5008296213881264,0.6339019257870719,1.0,0.0,0.0,0.0
0.9906995788080096,0.5718024302466291,0.587196714716268,0.5,1.0,0.0,0.0,0.0
0.9947992983799662,0.5,0.6663696108905678,0.5,1.0,0.0,0.0,0.0
0.6480705742057132,0.681321495284009,0.6227288780484236,0.9843267613693542,1.0,0.0,0.0,0.0
0.9942381885311149,0.5,0.6542454567932929,0.5,1.0,0.0,0.0,0.0
0.9932649829589628,0.5,0.6264754754006372,0.5150636171516112,1.0,0.0,0.0,0.0
0.9462111329606898,0.5,0.9089464174783908,0.5314141918182261,1.0,0.0,0.0,0.0
0.9903123924711071,0.5,0.6604382864541342,0.5,1.0,0.0,0.0,0.0
0.9811623009545213,0.5,0.8004035948936183,0.5,1.0,0.0,0.0,0.0
0.9929255949415315,0.5,0.6457950109561338,0.5,1.0,0.0,0.0,0.0
0.9959858480967196,0.5,0.6115166355636704,0.5,1.0,0.0,0.0,0.0
0.9869287846368849,0.5,0.7141544379209129,0.5,1.0,0.0,0.0,0.0
0.9973314140305197,0.5,0.5818835182048109,0.5,1.0,0.0,0.0,0.0
0.9956937294473814,0.5,0.534387264110077,0.5918134083540935,1.0,0.0,0.0,0.0
0.9888107266901534,0.5,0.6324914485064173,0.5714895237254923,1.0,0.0,0.0,0.0
0.8075884189491107,0.5068546262136664,0.9528753928519585,0.6815988969511029,1.0,0.0,0.0,0.0
0.9955393830964054,0.5,0.6270902258077662,0.5,1.0,0.0,0.0,0.0
0.9954804714857806,0.5,0.6509338534576553,0.5,1.0,0.0,0.0,0.0
0.9768700665370705,0.5,0.825421989355056,0.5095469560197747,1.0,0.0,0.0,0.0
0.9979973282297274,0.5,0.558852102166486,0.5,1.0,0.0,0.0,0.0
0.9894488040778855,0.5,0.77511387491118,0.5526418049015778,1.0,0.0,0.0,0.0
0.9587285500102765,0.5,0.9403499277653065,0.5111825926131722,1.0,0.0,0.0,0.0
0.8881141789262431,0.5,0.9547385933037271,0.715655500227067,1.0,0.0,0.0,0.0
0.9074354966974806,0.5252324541672881,0.9434053819224862,0.5,1.0,0.0,0.0,0.0
0.5,0.9986845690186881,0.5,0.5,0.0,1.0,0.0,0.0
0.5361986295985615,0.9963500147028865,0.5,0.5,0.0,1.0,0.0,0.0
0.5,0.993273752634422,0.6541313002593226,0.5,0.0,1.0,0.0,0.0
0.501946215933222,0.9970133824273376,0.5,0.5,0.0,1.0,0.0,0.0
0.5534766519727066,0.9982176772760288,0.5,0.5,0.0,1.0,0.0,0.0
0.5133764408083027,0.996501322693427,0.5,0.5,0.0,1.0,0.0,0.0
0.5136412645029557,0.9973622526501125,0.5,0.5,0.0,1.0,0.0,0.0
0.5273460732296208,0.9934141197570991,0.5,0.5,0.0,1.0,0.0,0.0
0.5,0.9985787689016723,0.5,0.5,0.0,1.0,0.0,0.0
0.5055585299660001,0.9922548225366746,0.5002111643427235,0.5,0.0,1.0,0.0,0.0
0.5,0.9815961648710196,0.6950383796312394,0.6142413574989769,0.0,1.0,0.0,0.0
0.5,0.9942296760347306,0.5940792502350213,0.5,0.0,1.0,0.0,0.0
0.5,0.996407587283809,0.5368562283261399,0.5,0.0,1.0,0.0,0.0
0.5,0.9933950183854954,0.61710754070763,0.5,0.0,1.0,0.0,0.0
0.5368379772062071,0.9954282194221616,0.5,0.5,0.0,1.0,0.0,0.0
0.5,0.9961350707593645,0.5379257047056524,0.5,0.0,1.0,0.0,0.0
0.5,0.9930063187284819,0.5227435085807858,0.5,0.0,1.0,0.0,0.0
0.5044462700857592,0.990601738034953,0.5224345242072772,0.5,0.0,1.0,0.0,0.0
0.5,0.991055880461293,0.5245660026369248,0.5,0.0,1.0,0.0,0.0
0.5185492998714438,0.994763339778965,0.5,0.5,0.0,1.0,0.0,0.0
0.5005854216523093,0.9951470290415227,0.5162925240032082,0.5,0.0,1.0,0.0,0.0
0.5,0.9967574934864913,0.5778930642038296,0.5,0.0,1.0,0.0,0.0
0.5172681202325505,0.9971196203183447,0.5,0.5,0.0,1.0,0.0,0.0
0.5101308068802973,0.9965295073921209,0.5,0.5,0.0,1.0,0.0,0.0
0.5,0.9895847192082902,0.5307263051227181,0.5,0.0,1.0,0.0,0.0
0.5,0.9934932308684428,0.5,0.5,0.0,1.0,0.0,0.0
0.5,0.9950064536323507,0.5,0.5,0.0,1.0,0.0,0.0
0.5135807212796257,0.9970169753991865,0.5,0.5,0.0,1.0,0.0,0.0
0.5041813024667877,0.9967844466040395,0.5,0.5,0.0,1.0,0.0,0.0
0.5,0.9968735661271181,0.5,0.5,0.0,1.0,0.0,0.0
0.5,0.9961316123717378,0.5,0.5,0.0,1.0,0.0,0.0
0.5,0.9942143307979924,0.5,0.5,0.0,1.0,0.0,0.0
0.5,0.9920939839638427,0.5349702998615744,0.5,0.0,1.0,0.0,0.0
0.5,0.9990175999587035,0.5,0.5,0.0,1.0,0.0,0.0
0.5214937109200513,0.9971383259684936,0.5,0.5,0.0,1.0,0.0,0.0
0.5,0.9938947779089526,0.5673691037774332,0.5,0.0,1.0,0.0,0.0
0.523868718308102,0.9978010506163266,0.5,0.5,0.0,1.0,0.0,0.0
0.5,0.9994445102682796,0.5,0.5,0.0,1.0,0.0,0.0
0.5,0.9977958142760973,0.5,0.5,0.0,1.0,0.0,0.0
0.5,0.9966971084513102,0.5,0.5,0.0,1.0,0.0,0.0
0.5104449691009819,0.9961094392118764,0.5,0.5,0.0,1.0,0.0,0.0
0.5,0.9973245343740783,0.5,0.5,0.0,1.0,0.0,0.0
0.5142287628649939,0.9955371337467749,0.5,0.5,0.0,1.0,0.0,0.0
0.5,0.9889312852525962,0.5587224760656525,0.5,0.0,1.0,0.0,0.0
0.5151995513176352,0.996623350710935,0.5,0.5,0.0,1.0,0.0,0.0
0.5,0.9959450169952976,0.5,0.5,0.0,1.0,0.0,0.0
0.5,0.9966922025268443,0.5,0.5,0.0,1.0,0.0,0.0
0.5,0.9984534457367897,0.5,0.5,0.0,1.0,0.0,0.0
0.5,0.9952905726953616,0.5,0.5,0.0,1.0,0.0,0.0
0.5,0.9977772667731486,0.5,0.5,0.0,1.0,0.0,0.0
0.5,0.998062813965986,0.5,0.5,0.0,1.0,0.0,0.0
0.5096082480750713,0.9974953183612609,0.5,0.5,0.0,1.0,0.0,0.0
0.5188334101440573,0.9962213659103906,0.5,0.5,0.0,1.0,0.0,0.0
0.5083235113735022,0.9956421780656296,0.5,0.5,0.0,1.0,0.0,0.0
0.5,0.9944056282870732,0.5061269464773592,0.5,0.0,1.0,0.0,0.0
0.5,0.9968987923918593,0.5,0.5,0.0,1.0,0.0,0.0
0.5,0.9873695334575018,0.5879879413817419,0.5,0.0,1.0,0.0,0.0
0.5,0.9969965152568798,0.5053524267454248,0.5,0.0,1.0,0.0,0.0
0.5131126221852919,0.9936628260448442,0.5001800507229227,0.5,0.0,1.0,0.0,0.0
0.5,0.9959316343632382,0.5,0.5,0.0,1.0,0.0,0.0
0.5069802040601896,0.9947939447380465,0.5,0.5,0.0,1.0,0.0,0.0
0.5270961711542319,0.9914240431791979,0.5136665478064075,0.5,0.0,1.0,0.0,0.0
0.5,0.996357922304371,0.5,0.5,0.0,1.0,0.0,0.0
0.5,0.9920300465628383,0.5324479246912409,0.5,0.0,1.0,0.0,0.0
0.5,0.9956317134123498,0.5078313949209834,0.5,0.0,1.0,0.0,0.0
0.5,0.9917025848798707,0.5160072114241442,0.5,0.0,1.0,0.0,0.0
0.5,0.9828833357920927,0.5995911732710482,0.5,0.0,1.0,0.0,0.0
0.5,0.9952470945763248,0.5096963258051197,0.5,0.0,1.0,0.0,0.0
0.5,0.9936660980940988,0.5143891020459429,0.5,0.0,1.0,0.0,0.0
0.5,0.9982934670009697,0.5,0.5,0.0,1.0,0.0,0.0
0.5,0.9958245324525292,0.6408481108800027,0.5,0.0,1.0,0.0,0.0
0.5,0.9968572326878238,0.5,0.5,0.0,1.0,0.0,0.0
0.5,0.9983886188381316,0.5,0.5,0.0,1.0,0.0,0.0
0.5,0.9959722745056908,0.5,0.5,0.0,1.0,0.0,0.0
0.5,0.9952045052163286,0.5,0.5,0.0,1.0,0.0,0.0
0.5,0.9959168331855549,0.5,0.5,0.0,1.0,0.0,0.0
0.5,0.9927776750477908,0.5176815688296492,0.5,0.0,1.0,0.0,0.0
0.5,0.9959729649796882,0.5712353280960794,0.5,0.0,1.0,0.0,0.0
0.5,0.9961142187701807,0.5252928133035037,0.5,0.0,1.0,0.0,0.0
0.541879613029922,0.9959059970210202,0.5,0.5,0.0,1.0,0.0,0.0
0.5196506441020454,0.9939992064207764,0.5,0.5,0.0,1.0,0.0,0.0
0.5127951873528299,0.9938223221832608,0.5,0.5,0.0,1.0,0.0,0.0
0.5048411167762079,0.9981137867265409,0.5,0.5,0.0,1.0,0.0,0.0
0.5012892158071227,0.994134806218597,0.5105894464117589,0.5,0.0,1.0,0.0,0.0
0.5063655513262646,0.9923739702333221,0.5139557373336328,0.5,0.0,1.0,0.0,0.0
0.5,0.9952400971256161,0.5,0.5,0.0,1.0,0.0,0.0
0.5758772120363124,0.9334289591568543,0.718063151470027,0.5,0.0,1.0,0.0,0.0
0.529104865400047,0.9939436606170349,0.5,0.5,0.0,1.0,0.0,0.0
0.5070886481432251,0.9961970452066153,0.5,0.5,0.0,1.0,0.0,0.0
0.5,0.9971383627057439,0.5,0.5,0.0,1.0,0.0,0.0
0.5,0.9948963988090724,0.5,0.5,0.0,1.0,0.0,0.0
0.5,0.9955518188259176,0.5,0.5,0.0,1.0,0.0,0.0
0.5,0.9937945716737203,0.5105592552675906,0.5,0.0,1.0,0.0,0.0
0.5,0.9867480100471149,0.6386374023444855,0.5,0.0,1.0,0.0,0.0
0.5288292058312856,0.9948400512818657,0.5,0.5,0.0,1.0,0.0,0.0
0.5142938577412448,0.990840630668123,0.5,0.5348584818336621,0.0,1.0,0.0,0.0
0.5080988028803648,0.9976600690269213,0.5,0.5,0.0,1.0,0.0,0.0
0.5,0.9937994129923254,0.702451564452032,0.5,0.0,1.0,0.0,0.0
0.5568641063088348,0.9913040804498447,0.5,0.5,0.0,1.0,0.0,0.0
0.5,0.996572771437013,0.5,0.5,0.0,1.0,0.0,0.0
0.5,0.9873566347167826,0.7438291875556435,0.5,0.0,1.0,0.0,0.0
0.5,0.9917740655716939,0.6386327942257315,0.5,0.0,1.0,0.0,0.0
0.531547722390366,0.989839664327974,0.5019657361556537,0.5,0.0,1.0,0.0,0.0
0.5,0.9947220192779689,0.5136210437659635,0.5,0.0,1.0,0.0,0.0
0.5,0.9986949739053649,0.5,0.5,0.0,1.0,0.0,0.0
0.5132464905468359,0.9967742531510523,0.5,0.5,0.0,1.0,0.0,0.0
0.5317705440370017,0.9916264506783293,0.5,0.5,0.0,1.0,0.0,0.0
0.5436779511446773,0.9922857013824993,0.5,0.5,0.0,1.0,0.0,0.0
0.5,0.9949456854714844,0.5,0.5,0.0,1.0,0.0,0.0
0.5,0.9949455320033327,0.612852348880609,0.5,0.0,1.0,0.0,0.0
0.5125513524959899,0.996832762598413,0.5,0.5,0.0,1.0,0.0,0.0
0.5173765300148601,0.994751711968458,0.5,0.5,0.0,1.0,0.0,0.0
0.5653590442854469,0.9798651966749864,0.5524016218342283,0.5503881670929676,0.0,1.0,0.0,0.0
0.5,0.9965530805283392,0.5,0.5,0.0,1.0,0.0,0.0
0.5,0.9903821077326714,0.5700324807015187,0.5,0.0,1.0,0.0,0.0
0.5,0.9961771019906674,0.5436118652637727,0.5,0.0,1.0,0.0,0.0
0.5,0.9969953070352693,0.5179438833452569,0.5088962798943971,0.0,1.0,0.0,0.0
0.5,0.9937569571505416,0.5524705480723735,0.5,0.0,1.0,0.0,0.0
0.5035193130319597,0.9932967337918318,0.5,0.5,0.0,1.0,0.0,0.0
0.5,0.992415967922012,0.5742398121198148,0.5,0.0,1.0,0.0,0.0
0.5,0.9990521723643866,0.5,0.5,0.0,1.0,0.0,0.0
0.5023868647699262,0.9925209765861063,0.5,0.5,0.0,1.0,0.0,0.0
0.5,0.997356456984264,0.5,0.5,0.0,1.0,0.0,0.0
0.5,0.9982580365126292,0.5,0.5,0.0,1.0,0.0,0.0
0.5,0.9918187903840414,0.6201208057867541,0.5,0.0,1.0,0.0,0.0
0.5,0.9945859101116387,0.5893705166278367,0.5,0.0,1.0,0.0,0.0
0.5176510000540337,0.9943710295288081,0.5,0.5,0.0,1.0,0.0,0.0
0.5,0.9956816805339217,0.5,0.5,0.0,1.0,0.0,0.0
0.5,0.9989612670287271,0.5,0.5,0.0,1.0,0.0,0.0
0.5,0.9897173635409686,0.6443528160125757,0.5,0.0,1.0,0.0,0.0
0.5073185700255547,0.9950607211887229,0.5300656096055119,0.5,0.0,1.0,0.0,0.0
0.5,0.9925293890653427,0.6273917203818753,0.5,0.0,1.0,0.0,0.0
0.5,0.9962885936552298,0.5,0.5,0.0,1.0,0.0,0.0
0.5146602380905342,0.9973052773042742,0.5,0.5,0.0,1.0,0.0,0.0
0.5,0.9958320639235176,0.5132980569080561,0.5390845271495449,0.0,1.0,0.0,0.0
0.8392237129643249,0.7252803477015369,0.8414427557818557,0.5395084973841878,0.0,1.0,0.0,0.0
0.5,0.9956715815981777,0.5244272193250142,0.5,0.0,1.0,0.0,0.0
0.5,0.9974141738171076,0.5,0.5,0.0,1.0,0.0,0.0
0.5052113135976372,0.9917766871289034,0.5176340338800636,0.5,0.0,1.0,0.0,0.0
0.5,0.998875427386076,0.5,0.5,0.0,1.0,0.0,0.0
0.5,0.9976478806992314,0.5,0.5,0.0,1.0,0.0,0.0
0.5042676336313815,0.9948798015534528,0.5,0.5,0.0,1.0,0.0,0.0
0.5,0.9978297022036552,0.5,0.5,0.0,1.0,0.0,0.0
0.5,0.9954768057673872,0.5,0.5,0.0,1.0,0.0,0.0
0.5389115514831996,0.9889529150384574,0.5197415191605136,0.5,0.0,1.0,0.0,0.0
0.5,0.9935166189477664,0.5,0.5,0.0,1.0,0.0,0.0
0.5,0.9986392656782845,0.5,0.5,0.0,1.0,0.0,0.0
0.5071091480078821,0.9956403549710648,0.5,0.5,0.0,1.0,0.0,0.0
0.5,0.9994460570530563,0.5,0.5,0.0,1.0,0.0,0.0
0.5,0.9945275835458991,0.5190843122639576,0.5205664347367491,0.0,1.0,0.0,0.0
0.5,0.994038188194456,0.5350207304480259,0.5,0.0,1.0,0.0,0.0
0.5,0.9965194762387475,0.5,0.5,0.0,1.0,0.0,0.0
0.5706904915412212,0.9877308453535847,0.5038793947655336,0.5,0.0,1.0,0.0,0.0
0.502528750197363,0.997209584215813,0.5,0.5,0.0,1.0,0.0,0.0
0.5,0.994202947780638,0.5030594235300787,0.5,0.0,1.0,0.0,0.0
0.540063615782176,0.9928247657235159,0.5,0.5,0.0,1.0,0.0,0.0
0.5,0.9970596109997676,0.5,0.5,0.0,1.0,0.0,0.0
0.5,0.9972402918623449,0.5,0.5,0.0,1.0,0.0,0.0
0.5,0.9968351207992681,0.5,0.5,0.0,1.0,0.0,0.0
0.5,0.9911258017196295,0.5180356449631033,0.5,0.0,1.0,0.0,0.0
0.5,0.9976788911318799,0.5,0.5,0.0,1.0,0.0,0.0
0.5020120184299743,0.9934656494854858,0.504821106385043,0.5,0.0,1.0,0.0,0.0
0.5,0.9974301612964119,0.5,0.5,0.0,1.0,0.0,0.0
0.5,0.9970592335253172,0.5,0.5,0.0,1.0,0.0,0.0
0.508001329855933,0.9974210087932922,0.5,0.5,0.0,1.0,0.0,0.0
0.5293267732022432,0.9962473843156493,0.5,0.5,0.0,1.0,0.0,0.0
0.5,0.9954776838347121,0.5,0.5,0.0,1.0,0.0,0.0
0.5237507828876502,0.9956644386621161,0.5,0.5,0.0,1.0,0.0,0.0
0.5,0.9975324747927244,0.5,0.5,0.0,1.0,0.0,0.0
0.5,0.9965823068452273,0.5,0.5,0.0,1.0,0.0,0.0
0.5024332510069489,0.9973522407329457,0.5,0.5,0.0,1.0,0.0,0.0
0.5,0.9958054751387472,0.5,0.5,0.0,1.0,0.0,0.0
0.5,0.9940823120439012,0.5083103721857665,0.5,0.0,1.0,0.0,0.0
0.5,0.9918020042635488,0.5169914923232447,0.5,0.0,1.0,0.0,0.0
0.5144161252126505,0.9974054433474245,0.5,0.5,0.0,1.0,0.0,0.0
0.5,0.9972389503669069,0.5,0.5,0.0,1.0,0.0,0.0
0.5,0.9967252809987757,0.5,0.5,0.0,1.0,0.0,0.0
0.5,0.9968842243976294,0.5559044057348662,0.5,0.0,1.0,0.0,0.0
0.5,0.9950286513560969,0.5,0.5,0.0,1.0,0.0,0.0
0.5,0.9961801333976285,0.5,0.5,0.0,1.0,0.0,0.0
0.5,0.99682928908008,0.5,0.5,0.0,1.0,0.0,0.0
0.5,0.9974625423763362,0.5,0.5,0.0,1.0,0.0,0.0
0.5,0.9975943449070952,0.5,0.5,0.0,1.0,0.0,0.0
0.5,0.9991952778508243,0.5,0.5,0.0,1.0,0.0,0.0
0.5,0.9950985356816844,0.5,0.5,0.0,1.0,0.0,0.0
0.5,0.996065947677149,0.5,0.5,0.0,1.0,0.0,0.0
0.5086217916414457,0.9981574397638804,0.5,0.5,0.0,1.0,0.0,0.0
0.5,0.9942829010575422,0.5,0.5,0.0,1.0,0.0,0.0
0.5258055907304078,0.9969324299601902,0.5,0.5,0.0,1.0,0.0,0.0
0.5126633230925969,0.9941192966010218,0.5,0.5,0.0,1.0,0.0,0.0
0.5044104505042266,0.9948769053709889,0.5,0.5,0.0,1.0,0.0,0.0
0.5026941038709494,0.9811254171570661,0.6014587921700321,0.5,0.0,1.0,0.0,0.0
0.5,0.9910809945751795,0.5489278694319524,0.5,0.0,1.0,0.0,0.0
0.5,0.9970635980915151,0.5283901028471433,0.5,0.0,1.0,0.0,0.0
0.5,0.997789211118187,0.5,0.5,0.0,1.0,0.0,0.0
0.5594523611343217,0.9922073912297188,0.5,0.5,0.0,1.0,0.0,0.0
0.5221721312635174,0.9965867637618213,0.5,0.5,0.0,1.0,0.0,0.0
0.5,0.9981593181806052,0.5,0.5,0.0,1.0,0.0,0.0
0.5,0.9953858813565677,0.5,0.5,0.0,1.0,0.0,0.0
0.5,0.998423562789671,0.5,0.5,0.0,1.0,0.0,0.0
0.5714168971182242,0.982968586540821,0.5306255367709333,0.5,0.0,1.0,0.0,0.0
0.5116068726739547,0.9956317528155583,0.5,0.5,0.0,1.0,0.0,0.0
0.5,0.9969437934392404,0.5,0.5,0.0,1.0,0.0,0.0
0.5,0.9886912854378098,0.5793689248031761,0.5,0.0,1.0,0.0,0.0
0.5,0.9964191002875626,0.5,0.5,0.0,1.0,0.0,0.0
0.5,0.995020247184776,0.5429433049025615,0.5,0.0,1.0,0.0,0.0
0.5029273741733958,0.9969817004778608,0.5,0.5,0.0,1.0,0.0,0.0
0.5,0.9968499251415306,0.5,0.5,0.0,1.0,0.0,0.0
0.5,0.997860501307616,0.5,0.5,0.0,1.0,0.0,0.0
0.5,0.9967679517284794,0.5,0.5,0.0,1.0,0.0,0.0
0.5,0.9980610568890554,0.5,0.5,0.0,1.0,0.0,0.0
0.5075759602678771,0.9835537291759341,0.5406292224922901,0.5,0.0,1.0,0.0,0.0
0.5753552671217907,0.9866676783579441,0.5,0.5191771928659175,0.0,1.0,0.0,0.0
0.5,0.9982532829600675,0.5,0.5,0.0,1.0,0.0,0.0
0.5,0.9942227781569682,0.5463488939875379,0.5,0.0,1.0,0.0,0.0
0.7048283920415537,0.8595272131534307,0.7548039404529303,0.5585476533157303,0.0,1.0,0.0,0.0
0.5,0.9988869002140214,0.5,0.5,0.0,1.0,0.0,0.0
0.5,0.997759719234769,0.5,0.5,0.0,1.0,0.0,0.0
0.5394793955857541,0.9964289683970166,0.5,0.5,0.0,1.0,0.0,0.0
0.5226327086370981,0.995520818735609,0.5,0.5,0.0,1.0,0.0,0.0
0.5218762924948723,0.9968820553318857,0.5,0.5,0.0,1.0,0.0,0.0
0.5,0.993184145565007,0.5877970568610891,0.5,0.0,1.0,0.0,0.0
0.560395700346272,0.9925515038428115,0.5,0.6178806237020921,0.0,1.0,0.0,0.0
0.5,0.9947426924788333,0.5589701488413358,0.5,0.0,1.0,0.0,0.0
0.5,0.9961377024309661,0.51705236743728,0.5,0.0,1.0,0.0,0.0
0.5,0.9962666855966003,0.5,0.5,0.0,1.0,0.0,0.0
0.5130636607386037,0.9946613822505154,0.5,0.5,0.0,1.0,0.0,0.0
0.5,0.9990302826790001,0.5,0.5,0.0,1.0,0.0,0.0
0.5,0.745823464966702,0.9530937928081349,0.8548228240322846,0.0,1.0,0.0,0.0
0.8891531938132832,0.5,0.9397450731771401,0.675937749683075,0.0,1.0,0.0,0.0
0.6155834018110545,0.8471598756584615,0.8171891601551133,0.7038062375448862,0.0,1.0,0.0,0.0
0.5,0.9869541900083089,0.5435534233038694,0.5,0.0,1.0,0.0,0.0
0.5082894567203887,0.9948946552728714,0.5,0.5,0.0,1.0,0.0,0.0
0.5507128298352377,0.9918430068454714,0.5,0.5,0.0,1.0,0.0,0.0
0.5189264393725251,0.9947202916134827,0.5,0.5,0.0,1.0,0.0,0.0
0.5202151997369873,0.992940190381277,0.5,0.5,0.0,1.0,0.0,0.0
0.5042178375364502,0.996057386184226,0.5,0.5,0.0,1.0,0.0,0.0
0.5,0.9958849481113132,0.5,0.5,0.0,1.0,0.0,0.0
0.5,0.9927614954699263,0.5421252341301408,0.5,0.0,1.0,0.0,0.0
0.5,0.9966882700403176,0.5,0.5,0.0,1.0,0.0,0.0
0.5076044745178964,0.9913297333674067,0.5039612865125621,0.5,0.0,1.0,0.0,0.0
0.5018033307083725,0.9960773161914069,0.5,0.5,0.0,1.0,0.0,0.0
0.5,0.9991600428188651,0.5,0.5,0.0,1.0,0.0,0.0
0.5355788886341771,0.987361366160958,0.5397660852152097,0.5,0.0,1.0,0.0,0.0
0.5,0.9970464099244141,0.5,0.5,0.0,1.0,0.0,0.0
0.5,0.9981524737611449,0.5,0.5,0.0,1.0,0.0,0.0
0.5135693005137176,0.9926141562469081,0.5092315165884989,0.5,0.0,1.0,0.0,0.0
0.5002351850097777,0.9977853432282209,0.5,0.5,0.0,1.0,0.0,0.0
0.5,0.9942461075324615,0.5,0.5,0.0,1.0,0.0,0.0
0.5,0.9988274383435314,0.5,0.5,0.0,1.0,0.0,0.0
0.5300063833740413,0.9881966056648284,0.630771408511254,0.5,0.0,1.0,0.0,0.0
0.5117383186450425,0.9939648073721028,0.5,0.5,0.0,1.0,0.0,0.0
0.5225934500359048,0.9936592218464256,0.5,0.5,0.0,1.0,0.0,0.0
0.5,0.9948012420071971,0.5,0.5,0.0,1.0,0.0,0.0
0.5,0.9977636094325585,0.5,0.5,0.0,1.0,0.0,0.0
0.5,0.9966442351116617,0.5,0.5,0.0,1.0,0.0,0.0
0.5,0.9921096842837012,0.5255591664521814,0.5,0.0,1.0,0.0,0.0
0.5,0.997992329058087,0.5,0.5,0.0,1.0,0.0,0.0
0.5156988888447591,0.9968577405656085,0.5,0.5,0.0,1.0,0.0,0.0
0.5120323907071012,0.9932689723209205,0.5023660036155169,0.5,0.0,1.0,0.0,0.0
0.5,0.9934352470159481,0.507589710876324,0.5,0.0,1.0,0.0,0.0
0.5,0.9975871580238719,0.5,0.5,0.0,1.0,0.0,0.0
0.5444570608864638,0.9960952397152609,0.5,0.5,0.0,1.0,0.0,0.0
0.5043133917277762,0.9954935135422882,0.5,0.5,0.0,1.0,0.0,0.0
0.5,0.9966386151936353,0.5,0.5,0.0,1.0,0.0,0.0
0.5200551976473771,0.9921949050163936,0.508822851407122,0.5,0.0,1.0,0.0,0.0
0.5008898964068643,0.9971812298048468,0.5,0.5,0.0,1.0,0.0,0.0
0.5239482721076817,0.9964014510912726,0.5,0.5,0.0,1.0,0.0,0.0
0.5,0.9976042870335055,0.5,0.5,0.0,1.0,0.0,0.0
0.5,0.9903203857099909,0.6714378125993361,0.5016401090507824,0.0,1.0,0.0,0.0
0.5,0.9922885223881899,0.591245624101971,0.5,0.0,1.0,0.0,0.0
0.5,0.8250791237849728,0.9233257855871494,0.8789939356914058,0.0,1.0,0.0,0.0
0.5,0.9961538167706789,0.5,0.5,0.0,1.0,0.0,0.0
0.5423741412469789,0.9955141947759554,0.5,0.5033581683227988,0.0,1.0,0.0,0.0
0.5439414956060937,0.629562161572026,0.988400719481951,0.6194138828097513,0.0,0.0,1.0,0.0
0.5,0.5324088994866636,0.994285711200303,0.6594534825839875,0.0,0.0,1.0,0.0
0.6404472341844817,0.5283418893550332,0.9929895424681812,0.5877353677210753,0.0,0.0,1.0,0.0
0.5,0.550037085111996,0.9946480623015905,0.665726902294115,0.0,0.0,1.0,0.0
0.5,0.5976042319263417,0.9960212727920942,0.7122308648638945,0.0,0.0,1.0,0.0
0.7221301993258037,0.5,0.9899413088236866,0.5522946583857706,0.0,0.0,1.0,0.0
0.568408151847863,0.5,0.9957190158027232,0.6382098117346716,0.0,0.0,1.0,0.0
0.5165944968968517,0.5452274328630659,0.9934881458844634,0.6571605282064295,0.0,0.0,1.0,0.0
0.7442266114736371,0.6703783302798629,0.8094360748053248,0.6721927054666975,0.0,0.0,1.0,0.0
0.5,0.533872002378001,0.9977258946658263,0.6907483480529745,0.0,0.0,1.0,0.0
0.5242344312158698,0.517395982283789,0.9944364367414587,0.6695057250048843,0.0,0.0,1.0,0.0
0.5,0.5703748780567124,0.9941632110718157,0.6619169135657499,0.0,0.0,1.0,0.0
0.5,0.5496553790884713,0.9957590089373395,0.6774968081498827,0.0,0.0,1.0,0.0
0.5,0.5955615571543734,0.9913802520674547,0.6424029846059984,0.0,0.0,1.0,0.0
0.6552749595231625,0.5176707343420285,0.9802478880863893,0.6871919861106853,0.0,0.0,1.0,0.0
0.5,0.5383913870596764,0.9952617109430327,0.667271233910239,0.0,0.0,1.0,0.0
0.5,0.5885558027239437,0.9972021545628605,0.7109926972317401,0.0,0.0,1.0,0.0
0.5478487082462499,0.5919877363978744,0.9916441938151466,0.6072290323904346,0.0,0.0,1.0,0.0
0.5,0.5431846139299894,0.9979922019845308,0.7248929562876012,0.0,0.0,1.0,0.0
0.5,0.6233045093300539,0.9960688166850806,0.7252736851301573,0.0,0.0,1.0,0.0
0.5276029660925877,0.5978519013224292,0.9913397033320225,0.6089986366849057,0.0,0.0,1.0,0.0
0.9519659982341748,0.5,0.8750992747836648,0.6472204602848429,0.0,0.0,1.0,0.0
0.5,0.5735786280925981,0.997618750767791,0.7389879842241353,0.0,0.0,1.0,0.0
0.5,0.5769102272887646,0.9985993896906836,0.7975740530946316,0.0,0.0,1.0,0.0
0.9616805042054789,0.5957160991731401,0.6636261717637189,0.5513062301143893,0.0,0.0,1.0,0.0
0.6085402907707649,0.5616503532934738,0.9887044891054872,0.5898367922462457,0.0,0.0,1.0,0.0
0.5,0.6227611692830232,0.9968286183414398,0.7476150999823833,0.0,0.0,1.0,0.0
0.942437770441191,0.5,0.9190890554228737,0.5,0.0,0.0,1.0,0.0
0.5,0.52067744921315,0.9974552411333798,0.7186947473628018,0.0,0.0,1.0,0.0
0.5,0.5360864468596835,0.9969510578307309,0.6956839617128411,0.0,0.0,1.0,0.0
0.9751323834909524,0.5,0.5404529460335794,0.8464530427242838,0.0,0.0,1.0,0.0
0.9601680364162313,0.5,0.8968325379497646,0.5110134435018684,0.0,0.0,1.0,0.0
0.533967524212542,0.5986586761909366,0.9915310129488518,0.6253749755713746,0.0,0.0,1.0,0.0
0.5,0.6732470874084835,0.9959602824219148,0.6333008769151997,0.0,0.0,1.0,0.0
0.5,0.5463480740794018,0.9982157521517862,0.7380788977269616,0.0,0.0,1.0,0.0
0.8002418951956897,0.5,0.9797506409036034,0.5522078490393131,0.0,0.0,1.0,0.0
0.5254469702407619,0.6902958833894212,0.9734523090696595,0.608020699074226,0.0,0.0,1.0,0.0
0.5,0.5753733684583255,0.9935317866588144,0.659117984163716,0.0,0.0,1.0,0.0
0.5,0.5312254187377528,0.9970912244421307,0.6981178439861845,0.0,0.0,1.0,0.0
0.67735530665238,0.5653594983281877,0.9764556299109381,0.5572591276078841,0.0,0.0,1.0,0.0
0.5584294248896776,0.5,0.9979391461017408,0.6376217358243409,0.0,0.0,1.0,0.0
0.7806362849029563,0.6059371904024445,0.6979317861589651,0.9148668121566298,0.0,0.0,1.0,0.0
0.5,0.550377160009942,0.9946363935894607,0.6590205368191723,0.0,0.0,1.0,0.0
0.5635493925009877,0.5,0.9881759978900745,0.7538399610688044,0.0,0.0,1.0,0.0
0.6727791128443852,0.7330348913260536,0.9395463265050072,0.5453465915773316,0.0,0.0,1.0,0.0
0.5,0.6112114031173949,0.9950938889793354,0.6766246067366682,0.0,0.0,1.0,0.0
0.5547739642226039,0.5836420180281994,0.992173880219351,0.617871588856649,0.0,0.0,1.0,0.0
0.5,0.5487246223702678,0.9947736951376702,0.6821775191825395,0.0,0.0,1.0,0.0
0.5,0.5655338938852227,0.994685443506171,0.6716379536365731,0.0,0.0,1.0,0.0
0.5,0.9704315466672699,0.6763743508267213,0.5,0.0,0.0,1.0,0.0
0.5,0.5529717462130018,0.9930207554044143,0.6743346976467046,0.0,0.0,1.0,0.0
0.5,0.572791751716007,0.9978007137028779,0.7072333577050061,0.0,0.0,1.0,0.0
0.7037139087576395,0.5190816339619542,0.9879970779215885,0.5565619043272169,0.0,0.0,1.0,0.0
0.586169006242576,0.5733560509521866,0.9861692020494031,0.6049009505723338,0.0,0.0,1.0,0.0
0.7454128333560368,0.5,0.9872541036746982,0.5768171572379879,0.0,0.0,1.0,0.0
0.6270029670902815,0.5263317173244108,0.9880419049797815,0.6225118571868554,0.0,0.0,1.0,0.0
0.8896194827653323,0.5015714116810392,0.9386921818377645,0.5018105316004745,0.0,0.0,1.0,0.0
0.5,0.7936705738536228,0.9888368800275826,0.6717236942684104,0.0,0.0,1.0,0.0
0.5613872200829708,0.5735483337502775,0.9924508441965513,0.6186128218824344,0.0,0.0,1.0,0.0
0.5,0.5559938115263992,0.996654208441895,0.6774154591816636,0.0,0.0,1.0,0.0
0.5,0.6632110122743791,0.9888457824751212,0.7257618412989489,0.0,0.0,1.0,0.0
0.9504581721449018,0.5,0.9255841274700453,0.521181732010117,0.0,0.0,1.0,0.0
0.770659231687342,0.7366463017529763,0.8432035810830973,0.592045005626744,0.0,0.0,1.0,0.0
0.6714497257780657,0.5,0.9913847535415959,0.5848570619469372,0.0,0.0,1.0,0.0
0.9967520533625117,0.5,0.5563825652889268,0.5674329654003776,0.0,0.0,1.0,0.0
0.5,0.505770501573725,0.9977461537745693,0.6458846097597192,0.0,0.0,1.0,0.0
0.6781624335382727,0.5,0.9898243021277974,0.6129328918806103,0.0,0.0,1.0,0.0
0.837445603806045,0.5,0.980773763116109,0.5783215941519477,0.0,0.0,1.0,0.0
0.5,0.5451760523585186,0.993496691579939,0.6799091470480499,0.0,0.0,1.0,0.0
0.5008782735374718,0.5658593912629909,0.9943271152770657,0.633879835056903,0.0,0.0,1.0,0.0
0.6498790548320319,0.5370958401252286,0.9893925528776222,0.5888785100930722,0.0,0.0,1.0,0.0
0.5,0.5565866582319944,0.995470241727826,0.692240643837471,0.0,0.0,1.0,0.0
0.5,0.5837059352543806,0.9945838170648287,0.6918703623517273,0.0,0.0,1.0,0.0
0.5,0.5778581180771817,0.9933828428728525,0.6793040031650052,0.0,0.0,1.0,0.0
0.6096359438429805,0.5529757538331368,0.9937532699900474,0.5751877510031912,0.0,0.0,1.0,0.0
0.9536967927311447,0.5,0.9058392604732055,0.5602688985994545,0.0,0.0,1.0,0.0
0.5,0.634174258049935,0.9883103018030766,0.643542211548641,0.0,0.0,1.0,0.0
0.5029939502271346,0.5361799006127227,0.9886830027237126,0.7998151717373634,0.0,0.0,1.0,0.0
0.5,0.6242781690535919,0.9919272517669531,0.6452106230174658,0.0,0.0,1.0,0.0
0.5389297096112338,0.5260085941171904,0.9936825559061503,0.65417139056267,0.0,0.0,1.0,0.0
0.5360566217638628,0.5363642658694441,0.9916961082911194,0.6792893950035332,0.0,0.0,1.0,0.0
0.5,0.5674284812610306,0.9943547305877487,0.647535519519912,0.0,0.0,1.0,0.0
0.6555168686867223,0.5206507473142179,0.9874373584251122,0.5838359770442145,0.0,0.0,1.0,0.0
0.5,0.6214389531154384,0.9899297168222816,0.6499522059129491,0.0,0.0,1.0,0.0
0.5717633620247986,0.5949923089607854,0.9795301836436885,0.6262372315935789,0.0,0.0,1.0,0.0
0.7903213521553526,0.5,0.9547439710281792,0.7724018464011108,0.0,0.0,1.0,0.0
0.5767097278058732,0.7781937539484828,0.8470172305637816,0.5701231261262438,0.0,0.0,1.0,0.0
0.5023995751692218,0.6710869982463236,0.989344191990952,0.6206338814658721,0.0,0.0,1.0,0.0
0.710180833278051,0.5371518485934011,0.9826848444687928,0.5768409308476758,0.0,0.0,1.0,0.0
0.577781403979412,0.5113503503464979,0.9859541540821182,0.7100587385217659,0.0,0.0,1.0,0.0
0.7061052195654184,0.5143187371965786,0.9843743085365525,0.61039308583908,0.0,0.0,1.0,0.0
0.7000576597844006,0.5187880854495465,0.9865091254816445,0.5678422994726361,0.0,0.0,1.0,0.0
0.9364336728472734,0.5176990557766534,0.8634432593792354,0.5,0.0,0.0,1.0,0.0
0.5,0.5021387953244233,0.9971336360702855,0.7157740958869323,0.0,0.0,1.0,0.0
0.5632837856550325,0.5055982366175221,0.9882654072502863,0.7593154143293368,0.0,0.0,1.0,0.0
0.5,0.679904554971043,0.9902688962670867,0.704280330918908,0.0,0.0,1.0,0.0
0.6329451608638654,0.5144253413587783,0.9872810227033286,0.6138586314813002,0.0,0.0,1.0,0.0
0.6159734892896045,0.6633837188118883,0.9345093613500045,0.8169150123723583,0.0,0.0,1.0,0.0
0.5,0.5675277368921616,0.994718580922038,0.6788677496535692,0.0,0.0,1.0,0.0
0.8036970559152784,0.5,0.9444851609336048,0.8239435950264441,0.0,0.0,1.0,0.0
0.7325823756499826,0.5,0.9867758653918052,0.6204421614484291,0.0,0.0,1.0,0.0
0.6782618677848149,0.5,0.9644311237211299,0.9136226709638191,0.0,0.0,1.0,0.0
0.5,0.50906904405678,0.9963375270514597,0.6771557635053281,0.0,0.0,1.0,0.0
0.5,0.5141549275389697,0.9958190010266901,0.6898835815095793,0.0,0.0,1.0,0.0
0.568186070291454,0.5,0.9963170652514425,0.6477857882392929,0.0,0.0,1.0,0.0
0.5305610039287929,0.5375904515039551,0.987954933728615,0.7022554730497281,0.0,0.0,1.0,0.0
0.779849485083861,0.5799130983137917,0.9696706378393585,0.516621680117709,0.0,0.0,1.0,0.0
0.5,0.5188589888483429,0.9961867650850516,0.6796195704837991,0.0,0.0,1.0,0.0
0.8685464353054674,0.5295716557854968,0.9083215317618277,0.6834620785942586,0.0,0.0,1.0,0.0
0.6229232811310312,0.7612680881605799,0.891795885130214,0.616014391082956,0.0,0.0,1.0,0.0
0.5069472639835721,0.5448446239299538,0.9918728200016658,0.6513747077697207,0.0,0.0,1.0,0.0
0.9722137179414758,0.5,0.8073463073695525,0.61321944785669,0.0,0.0,1.0,0.0
0.5,0.5079765853459275,0.9958795179133803,0.7295852595017145,0.0,0.0,1.0,0.0
0.9570677898662949,0.5,0.9013242740739963,0.5247369382936538,0.0,0.0,1.0,0.0
0.5151108815396148,0.5402894356830722,0.9949016911686359,0.6427526415942232,0.0,0.0,1.0,0.0
0.6399947740933281,0.5024544548527596,0.9921951856573955,0.6229004740002225,0.0,0.0,1.0,0.0
0.6127110814555614,0.5070711576875266,0.9901047350479487,0.6275164756637052,0.0,0.0,1.0,0.0
0.6456885752210332,0.5368945309034603,0.9877448678977201,0.6125035125897016,0.0,0.0,1.0,0.0
0.5,0.9578328328349708,0.7739296821551791,0.5344947960608624,0.0,0.0,1.0,0.0
0.5197843823360977,0.571024736276096,0.9920274221578134,0.6416545094237264,0.0,0.0,1.0,0.0
0.5,0.5590325895825442,0.994344389204418,0.6858258292202583,0.0,0.0,1.0,0.0
0.5,0.6827501956604548,0.9956944286260577,0.6790384434008772,0.0,0.0,1.0,0.0
0.6921354658402613,0.8511726475365285,0.6895197240998793,0.6066079690829612,0.0,0.0,1.0,0.0
0.5,0.9989429834199376,0.5,0.5,0.0,0.0,1.0,0.0
0.7866461140913222,0.5,0.9535076100799672,0.8786027225896048,0.0,0.0,1.0,0.0
0.7150686205828135,0.6313765206838512,0.9336866934419763,0.7717879458930673,0.0,0.0,1.0,0.0
0.5,0.5649049760792718,0.9967203435228515,0.6964832482509833,0.0,0.0,1.0,0.0
0.7837074753627771,0.5129059787600265,0.9832106378301605,0.5246239505346744,0.0,0.0,1.0,0.0
0.7554927877958172,0.5108151700414068,0.9854379772005868,0.5577294686545318,0.0,0.0,1.0,0.0
0.5,0.6005999106459045,0.9971284989129109,0.6794232056151448,0.0,0.0,1.0,0.0
0.901895365075996,0.5,0.8672355384745949,0.840151598550184,0.0,0.0,1.0,0.0
0.5239948055368814,0.9720427887007465,0.6951998914128551,0.5,0.0,0.0,1.0,0.0
0.5,0.9395498879379303,0.891914035474973,0.5053136024619788,0.0,0.0,1.0,0.0
0.5179100565463671,0.598350793155616,0.9896192273676854,0.6480483471462573,0.0,0.0,1.0,0.0
0.5474564987498827,0.5029807482696049,0.9938377107917407,0.6573183413962855,0.0,0.0,1.0,0.0
0.7938970084641318,0.87241490181372,0.6807028308647981,0.5328441229566794,0.0,0.0,1.0,0.0
0.5,0.5415359934438572,0.9930629881215611,0.6742080559178609,0.0,0.0,1.0,0.0
0.5,0.5415523603508556,0.9963664706187632,0.6493627557391753,0.0,0.0,1.0,0.0
0.6381364263493078,0.5511363370602136,0.9925932463133906,0.5551831748100879,0.0,0.0,1.0,0.0
0.5,0.5421061924008577,0.9947765527301711,0.6780604849706795,0.0,0.0,1.0,0.0
0.5,0.590144093003011,0.9959505439256776,0.7685669481574393,0.0,0.0,1.0,0.0
0.5795641739120381,0.5626020163690171,0.9927362148114476,0.6029931921529427,0.0,0.0,1.0,0.0
0.5592551540572862,0.5450849055737447,0.9934105436050986,0.617177872416028,0.0,0.0,1.0,0.0
0.7321259599118634,0.6214619000863537,0.9485229642047608,0.5604563396398479,0.0,0.0,1.0,0.0
0.5,0.6010643029777091,0.995905151215484,0.6641867741759607,0.0,0.0,1.0,0.0
0.5,0.6226107663114533,0.9930893617740902,0.6700944086962584,0.0,0.0,1.0,0.0
0.5,0.6453122121513801,0.9945306294339431,0.6759916692617015,0.0,0.0,1.0,0.0
0.5,0.5698208736658315,0.9960138698253902,0.7171472921743642,0.0,0.0,1.0,0.0
0.547282449983299,0.5999568593016533,0.9906789504719717,0.5975665203516138,0.0,0.0,1.0,0.0
0.5,0.7822676765076328,0.9870898672670495,0.6726478812707312,0.0,0.0,1.0,0.0
0.5,0.5228603286444132,0.9969531442780463,0.6791766861012368,0.0,0.0,1.0,0.0
0.5,0.5028794983569324,0.9972413664272002,0.6955544019368701,0.0,0.0,1.0,0.0
0.5,0.5090415008466517,0.9971327827863503,0.7162109649326484,0.0,0.0,1.0,0.0
0.5253836998963168,0.5,0.9961123763416279,0.6884748277892013,0.0,0.0,1.0,0.0
0.6229566018043902,0.5,0.9881529991246212,0.7455385722126906,0.0,0.0,1.0,0.0
0.5056652535372101,0.5716682124957446,0.9907256489652015,0.6374759850736789,0.0,0.0,1.0,0.0
0.5333255595700674,0.5,0.9968156218826347,0.676037804000764,0.0,0.0,1.0,0.0
0.5,0.6697715132362367,0.9835142526927938,0.6255605977630141,0.0,0.0,1.0,0.0
0.5,0.6462352308247686,0.9895447462400461,0.6768514650041907,0.0,0.0,1.0,0.0
0.6279833002528384,0.5605625595905785,0.9853982436587528,0.5952309760763438,0.0,0.0,1.0,0.0
0.9131401837262837,0.5,0.9558741246111518,0.5,0.0,0.0,1.0,0.0
0.9417746197875833,0.5,0.897511679759589,0.5539407587432666,0.0,0.0,1.0,0.0
0.5,0.5733571590638927,0.994464423277163,0.6727942158643766,0.0,0.0,1.0,0.0
0.6558158523105008,0.5,0.9899141228160042,0.6783689587670245,0.0,0.0,1.0,0.0
0.5219687400503147,0.5550346890566109,0.9936614687024723,0.6511611841276311,0.0,0.0,1.0,0.0
0.8467283333302771,0.5,0.9559841793264847,0.7372790602270476,0.0,0.0,1.0,0.0
0.5692806372065417,0.5131216758559223,0.9936404200376883,0.6571366779760893,0.0,0.0,1.0,0.0
0.9357186769766164,0.5,0.7047624172673604,0.86952907335644,0.0,0.0,1.0,0.0
0.8692403740818736,0.5,0.9738256706681121,0.5704624970159794,0.0,0.0,1.0,0.0
0.5684462569763884,0.5487250651598633,0.9886809964773282,0.6315514898153419,0.0,0.0,1.0,0.0
0.5065119011585861,0.5451166676229338,0.9916510382320212,0.6494337038583465,0.0,0.0,1.0,0.0
0.7265539934258657,0.7332478276975438,0.8975729601253867,0.5166503628675002,0.0,0.0,1.0,0.0
0.9712439001246768,0.5594088401198403,0.6935396457909471,0.5,0.0,0.0,1.0,0.0
0.5,0.7924861241383555,0.9418203740311235,0.5672517769012768,0.0,0.0,1.0,0.0
0.534280014462131,0.5,0.9946371744945748,0.6863491350887228,0.0,0.0,1.0,0.0
0.5,0.5983301583767764,0.9952662129324583,0.6874189670439477,0.0,0.0,1.0,0.0
0.5225239289117535,0.534435433836782,0.9924222782288276,0.6681306380982921,0.0,0.0,1.0,0.0
0.5,0.5811266441361236,0.9972363193068831,0.6986540431717788,0.0,0.0,1.0,0.0
0.5444010314018437,0.5069209088991751,0.9908494762198984,0.6831713285961007,0.0,0.0,1.0,0.0
0.5754988708349602,0.7406658202172053,0.9362879782808428,0.7297792698983223,0.0,0.0,1.0,0.0
0.5168100547079817,0.6250005053132794,0.9760084718566758,0.7813589528730447,0.0,0.0,1.0,0.0
0.5,0.5963787130278412,0.9948995574586871,0.6603144711593848,0.0,0.0,1.0,0.0
0.5444387812059318,0.5017120324222494,0.9933039021722682,0.6685865338511732,0.0,0.0,1.0,0.0
0.5834680093056691,0.5326495584716567,0.991544804030178,0.6268111918893216,0.0,0.0,1.0,0.0
0.5763239348136683,0.6245405617021246,0.9766653030182706,0.8192619549040256,0.0,0.0,1.0,0.0
0.6165647980673066,0.6057206545977089,0.9555695296127052,0.8969382649190608,0.0,0.0,1.0,0.0
0.7146099074962123,0.5,0.9840093885821771,0.7180220498959522,0.0,0.0,1.0,0.0
0.5,0.835043674547046,0.9001313550585952,0.8353319815603231,0.0,0.0,1.0,0.0
0.8473186673016758,0.502265661348995,0.9771037867495733,0.5154491532240154,0.0,0.0,1.0,0.0
0.7199756012792193,0.873263808753256,0.8950006632794,0.5,0.0,0.0,1.0,0.0
0.6233225346319,0.5,0.9939177203135411,0.6082298576643222,0.0,0.0,1.0,0.0
0.9309756932307746,0.5,0.9151855141443356,0.6043999630563303,0.0,0.0,1.0,0.0
0.895514601505608,0.5,0.9462317456865725,0.7159313810218796,0.0,0.0,1.0,0.0
0.5,0.6130745253849815,0.9955086293399973,0.6388883343202835,0.0,0.0,1.0,0.0
0.5509844999504332,0.5257298486616986,0.9933078622970679,0.6403620359883628,0.0,0.0,1.0,0.0
0.5,0.5443912076468034,0.9947589463088201,0.6884622355678008,0.0,0.0,1.0,0.0
0.5153034795350581,0.5566369080518317,0.9926971321626578,0.65129462829239,0.0,0.0,1.0,0.0
0.748902766273175,0.5,0.975679808484514,0.7804008844142448,0.0,0.0,1.0,0.0
0.6809818267384122,0.5,0.9898153410461311,0.6041233506437359,0.0,0.0,1.0,0.0
0.5416079716486094,0.5770806984881679,0.9911839380668099,0.6227640398734297,0.0,0.0,1.0,0.0
0.5111045158022749,0.5621020748506456,0.9938912179672351,0.6434440467288274,0.0,0.0,1.0,0.0
0.5224823645285425,0.6120246641645172,0.9934412554651079,0.6039778269280461,0.0,0.0,1.0,0.0
0.7743581340965545,0.5,0.9683825248312037,0.7540949505114143,0.0,0.0,1.0,0.0
0.5033829888040791,0.5873033366521007,0.9906421516617938,0.6589794297232929,0.0,0.0,1.0,0.0
0.6496546483413421,0.5147628926494313,0.9896359621616961,0.6028777082172627,0.0,0.0,1.0,0.0
0.7640695327211163,0.5,0.9557009956652672,0.8665300431162554,0.0,0.0,1.0,0.0
0.5,0.5444303102741478,0.9947572207207405,0.6687845842647762,0.0,0.0,1.0,0.0
0.6312080798987889,0.5922225847999876,0.9875961374969583,0.5426569507768612,0.0,0.0,1.0,0.0
0.5,0.5113652587121802,0.9943748715751579,0.7274798748117501,0.0,0.0,1.0,0.0
0.5596391789315831,0.5045683006780155,0.9945493631267609,0.6555012284708857,0.0,0.0,1.0,0.0
0.743123864541959,0.5,0.9801069761287005,0.6688103958762615,0.0,0.0,1.0,0.0
0.5612324205666557,0.5334764058571384,0.9944713986641361,0.6444814063519355,0.0,0.0,1.0,0.0
0.5,0.5256357360245718,0.9949544518284797,0.6765146422399598,0.0,0.0,1.0,0.0
0.9307420078603841,0.5,0.9115534638767627,0.5883504891091925,0.0,0.0,1.0,0.0
0.8527178520988695,0.5,0.9246488487593544,0.873322257113809,0.0,0.0,1.0,0.0
0.5422065040893382,0.5455057043831705,0.9937872540748076,0.6395775149174641,0.0,0.0,1.0,0.0
0.5,0.5936794723721763,0.9940358959799721,0.6559327047168727,0.0,0.0,1.0,0.0
0.5492576406959271,0.5312678696205831,0.9904581198392285,0.6617109764586677,0.0,0.0,1.0,0.0
0.7240631425992655,0.5178247372793693,0.984374499232009,0.568998573130947,0.0,0.0,1.0,0.0
0.5,0.5466689491457934,0.994331532737961,0.6880663015471378,0.0,0.0,1.0,0.0
0.6436386827305621,0.5321944986359944,0.9613836607402811,0.8440687747357001,0.0,0.0,1.0,0.0
0.5,0.5218712209237177,0.9954270431161593,0.6875573225301239,0.0,0.0,1.0,0.0
0.7158163290643388,0.5,0.9890007913588227,0.6637656506276358,0.0,0.0,1.0,0.0
0.6175665235614768,0.5260622934680614,0.9924163914030515,0.6071040540704277,0.0,0.0,1.0,0.0
0.5,0.6489822945034839,0.9926479643194707,0.674024960373097,0.0,0.0,1.0,0.0
0.5,0.7029968067228628,0.9884316808670895,0.6013478866324024,0.0,0.0,1.0,0.0
0.5,0.5,0.9967346712877053,0.6989512821852789,0.0,0.0,1.0,0.0
0.5,0.8505614976937774,0.9506256162914097,0.5702646141611369,0.0,0.0,1.0,0.0
0.5780367589536242,0.6588663561365009,0.9765645969950584,0.706909994857402,0.0,0.0,1.0,0.0
0.5170377068508818,0.5997382064807867,0.9792647692518356,0.8298751803805559,0.0,0.0,1.0,0.0
0.5,0.718558569542521,0.9791299467315363,0.6841922930235564,0.0,0.0,1.0,0.0
0.5587154074582443,0.5468170351090883,0.9944183573435159,0.6101747437460572,0.0,0.0,1.0,0.0
0.7173126626561395,0.9218642374533154,0.8237319551397377,0.5,0.0,0.0,1.0,0.0
0.519049895999763,0.6145118460921741,0.9940907885505922,0.6042937131282208,0.0,0.0,1.0,0.0
0.6375265778566727,0.5405071490157536,0.9923764670087881,0.5808427367315556,0.0,0.0,1.0,0.0
0.5,0.5935265955533442,0.9913062669524754,0.6867181231494085,0.0,0.0,1.0,0.0
0.5,0.5187412873036199,0.996868692266625,0.7103976478718428,0.0,0.0,1.0,0.0
0.9193578572930285,0.5,0.9295604541605844,0.5,0.0,0.0,1.0,0.0
0.7593717488228574,0.5,0.9645398375303001,0.7766990121694789,0.0,0.0,1.0,0.0
0.5,0.9796066792871231,0.6874321586132834,0.5,0.0,0.0,1.0,0.0
0.5,0.9824149385089049,0.613362427897252,0.5,0.0,0.0,1.0,0.0
0.5937865558580768,0.5,0.9892009147351705,0.79042461046588,0.0,0.0,1.0,0.0
0.874393738005353,0.5,0.9393364926990181,0.7221008002977465,0.0,0.0,1.0,0.0
0.5,0.685754456616079,0.9949837455800375,0.6854323037539761,0.0,0.0,1.0,0.0
0.79886593089181,0.5,0.9759056850242424,0.6188917843746693,0.0,0.0,1.0,0.0
0.5732685807070268,0.5416821973534766,0.991280137176363,0.6163285652942859,0.0,0.0,1.0,0.0
0.5,0.5997270317001167,0.994587471026312,0.6725816515637415,0.0,0.0,1.0,0.0
0.5,0.6350072761137535,0.986668807376655,0.8259301865259354,0.0,0.0,1.0,0.0
0.5,0.5339328830024429,0.997294082222091,0.7275824915819499,0.0,0.0,1.0,0.0
0.5967934016537437,0.5590022326980302,0.9913483696740617,0.6271727933693507,0.0,0.0,1.0,0.0
0.7567325358500057,0.5,0.9774231293395115,0.695679166559958,0.0,0.0,1.0,0.0
0.6725565937838968,0.5359620232150212,0.9898942556366901,0.5542333506617274,0.0,0.0,1.0,0.0
0.5134810012855874,0.5325096667988434,0.992659758907708,0.680752692054209,0.0,0.0,1.0,0.0
0.5,0.6845012552511808,0.9825232409144665,0.6545865394446886,0.0,0.0,1.0,0.0
0.5,0.5585434610360244,0.9975105070150692,0.6982721538804209,0.0,0.0,1.0,0.0
0.5,0.6500998969744026,0.9967994339799129,0.7167412819495921,0.0,0.0,1.0,0.0
0.5,0.687823464198168,0.9915069463382747,0.6918664740384285,0.0,0.0,1.0,0.0
0.5056432175381654,0.5441476355003466,0.9962899951103025,0.6469064302519029,0.0,0.0,1.0,0.0
0.5875461888102834,0.5746149129747609,0.9799339740031734,0.869081234154675,0.0,0.0,1.0,0.0
0.5806621651791309,0.743619880846139,0.9453189859575869,0.6971657012521218,0.0,0.0,1.0,0.0
0.5,0.8460269642200617,0.9266497497751249,0.7571450406947794,0.0,0.0,1.0,0.0
0.5570311949649055,0.5803202863209858,0.9777841399432724,0.8534009151190926,0.0,0.0,1.0,0.0
0.5941633474443967,0.5,0.9952648940187618,0.6388067433203103,0.0,0.0,1.0,0.0
0.5694053432055431,0.9751511258928526,0.5856048927644215,0.5,0.0,0.0,1.0,0.0
0.8828489544615526,0.6864882612721794,0.7616611933552774,0.5979870729890406,0.0,0.0,1.0,0.0
0.5,0.5,0.9967009175880664,0.6922316152127383,0.0,0.0,1.0,0.0
0.5133440985946275,0.520719948872063,0.9958114341169256,0.6570883439106883,0.0,0.0,1.0,0.0
0.5,0.5,0.9972898943499829,0.715871761186191,0.0,0.0,1.0,0.0
0.9699406467602316,0.5,0.8075066784757374,0.5201800494695068,0.0,0.0,1.0,0.0
0.5,0.5929904562697227,0.9931472811218391,0.6563600789021152,0.0,0.0,1.0,0.0
0.5,0.7914873654997203,0.9822199596828075,0.6326232537590896,0.0,0.0,1.0,0.0
0.5,0.5,0.9982699928554031,0.7132447523051171,0.0,0.0,1.0,0.0
0.5,0.5866711934507021,0.9815050566558249,0.6921383870151657,0.0,0.0,1.0,0.0
0.9761742111230909,0.5,0.8743538260990523,0.5,0.0,0.0,1.0,0.0
0.5,0.5674631032117361,0.9946527308292457,0.6756218543086222,0.0,0.0,1.0,0.0
0.5,0.5614026964426957,0.996337678428955,0.6620747300193564,0.0,0.0,1.0,0.0
0.5192178539838604,0.5195345339993177,0.9919551614778411,0.6661757549469576,0.0,0.0,1.0,0.0
0.5,0.5320191673717645,0.99212116899559,0.7228109001370193,0.0,0.0,1.0,0.0
0.5643879194549872,0.5348696219032678,0.9934482361753331,0.6242303682959054,0.0,0.0,1.0,0.0
0.5,0.6220975382323972,0.9950664596855694,0.6543162125181012,0.0,0.0,1.0,0.0
0.8062376780650374,0.519580731314406,0.5,0.9987975773606643,0.0,0.0,0.0,1.0
0.7502668778788623,0.7071110394605766,0.7605488923611474,0.7228258394642311,0.0,0.0,0.0,1.0
0.7825790042431049,0.5460741885614228,0.5,0.9945025169585813,0.0,0.0,0.0,1.0
0.8757929309065796,0.5,0.7762431404781508,0.9090449712326413,0.0,0.0,0.0,1.0
0.5,0.9160422881938682,0.8937205406706663,0.5024109631181259,0.0,0.0,0.0,1.0
0.6634530873258787,0.7144246029217838,0.5,0.9929046366597076,0.0,0.0,0.0,1.0
0.6145859923436551,0.5092339148574293,0.6853453044465097,0.9981042658426751,0.0,0.0,0.0,1.0
0.7837537058011194,0.5204939252060526,0.5,0.9987827949090887,0.0,0.0,0.0,1.0
0.8217759449052258,0.5,0.5,0.9951046996963612,0.0,0.0,0.0,1.0
0.7208615924297087,0.6288733871756704,0.5,0.9968688530149447,0.0,0.0,0.0,1.0
0.5,0.9175468884310122,0.8474824393678986,0.600186914669745,0.0,0.0,0.0,1.0
0.8031904550503512,0.5378782357296769,0.5,0.9940891945218094,0.0,0.0,0.0,1.0
0.7777695059637187,0.5664713231258587,0.5886867176354378,0.9734325792038141,0.0,0.0,0.0,1.0
0.8070147890843846,0.5203984048453518,0.5343563271800755,0.9827183296821139,0.0,0.0,0.0,1.0
0.7966171000293406,0.5437886330465408,0.5949077205710771,0.9801466681532659,0.0,0.0,0.0,1.0
0.8126925941143295,0.5082003720066951,0.5,0.9890876257298133,0.0,0.0,0.0,1.0
0.7886451807173482,0.5522485606612192,0.5,0.990901508007888,0.0,0.0,0.0,1.0
0.6778585934423326,0.5,0.9717896294961691,0.9173825626253194,0.0,0.0,0.0,1.0
0.8105014300351474,0.5150887586090193,0.5,0.9903294821816716,0.0,0.0,0.0,1.0
0.7553883503208332,0.6044434293342271,0.5472780269913422,0.9825062838361395,0.0,0.0,0.0,1.0
0.8065685188753092,0.542462031895225,0.5720153122324569,0.9757874389424502,0.0,0.0,0.0,1.0
0.7416445242226415,0.5912271640850086,0.5352338477327897,0.9923242598742819,0.0,0.0,0.0,1.0
0.8451616728180605,0.5,0.5,0.9948690176569043,0.0,0.0,0.0,1.0
0.7141643908856705,0.5,0.7145197262851848,0.9918177185490654,0.0,0.0,0.0,1.0
0.7565274226862331,0.5852432158317015,0.5680566721448845,0.9787924198775331,0.0,0.0,0.0,1.0
0.886986002257983,0.5,0.5,0.9967504274288798,0.0,0.0,0.0,1.0
0.7680351503906496,0.5827149322030595,0.5627969900273255,0.9876915465711422,0.0,0.0,0.0,1.0
0.7838028380024201,0.5599393740856586,0.5,0.9951596047648303,0.0,0.0,0.0,1.0
0.8682967530461624,0.5,0.5,0.9961664476883567,0.0,0.0,0.0,1.0
0.8480141954848521,0.5,0.5,0.9961889851665572,0.0,0.0,0.0,1.0
0.7945299061931833,0.5314930669394614,0.5,0.9915592473324069,0.0,0.0,0.0,1.0
0.7897546240203499,0.5619167091647785,0.5759230181197392,0.9793433162558548,0.0,0.0,0.0,1.0
0.8403518389971181,0.5,0.5,0.9957542721301181,0.0,0.0,0.0,1.0
0.829347694376606,0.5437107938803621,0.5,0.9917583577898774,0.0,0.0,0.0,1.0
0.806145292774377,0.5392731986286396,0.5526047104448603,0.9811434620954635,0.0,0.0,0.0,1.0
0.8054183082268471,0.5,0.522599323973172,0.9919362160396825,0.0,0.0,0.0,1.0
0.8114721039539722,0.5478154136417319,0.5845063705601294,0.9712789714251824,0.0,0.0,0.0,1.0
0.7512256847526259,0.5918810013697029,0.5222980052703762,0.9894337196818963,0.0,0.0,0.0,1.0
0.7554909160272644,0.5558791990038916,0.5,0.9943904610722558,0.0,0.0,0.0,1.0
0.804631021505288,0.5325916319515552,0.5083547802105088,0.985213175258515,0.0,0.0,0.0,1.0
0.7985573482046749,0.5488900579456198,0.5,0.9971909517093765,0.0,0.0,0.0,1.0
0.8064190172265627,0.5155055410150542,0.5677785692684509,0.990626773802213,0.0,0.0,0.0,1.0
0.7650612263118698,0.5875588925412849,0.6168832886963858,0.982607605150642,0.0,0.0,0.0,1.0
0.7948917058934996,0.5322501013996789,0.5,0.9880434654634546,0.0,0.0,0.0,1.0
0.7932060460767619,0.5593416139669849,0.5,0.9941400809425573,0.0,0.0,0.0,1.0
0.8371381897419352,0.5305187460169517,0.56028773525622,0.9669436637975319,0.0,0.0,0.0,1.0
0.8304191983433966,0.5216138885642226,0.5611622306812086,0.9766481484106407,0.0,0.0,0.0,1.0
0.8076788917763748,0.5182390162702107,0.5,0.9930908767659259,0.0,0.0,0.0,1.0
0.8009790700060044,0.513472171316402,0.5,0.991931683619195,0.0,0.0,0.0,1.0
0.7532616790777342,0.5289730859498291,0.553518089078944,0.9949116222619073,0.0,0.0,0.0,1.0
0.7120673444075623,0.5949538290526276,0.555729998112591,0.9934579713591394,0.0,0.0,0.0,1.0
0.7566063515722946,0.5682653454591751,0.5006918753737979,0.9844083187364812,0.0,0.0,0.0,1.0
0.7396445157293994,0.5919892624579962,0.5090389386847768,0.9908712231340329,0.0,0.0,0.0,1.0
0.8013236611992614,0.5227234038582388,0.5,0.9988067848690612,0.0,0.0,0.0,1.0
0.6885267661588309,0.5618116281622673,0.619844542869246,0.9961743026203922,0.0,0.0,0.0,1.0
0.8175115989612971,0.5,0.5436800953240647,0.9898836557529375,0.0,0.0,0.0,1.0
0.7884962344681992,0.5898084275852264,0.5,0.9986593795769002,0.0,0.0,0.0,1.0
0.8058502370251737,0.5,0.6784395318010037,0.9868570754172657,0.0,0.0,0.0,1.0
0.8247444466902863,0.5,0.5,0.9965276070914731,0.0,0.0,0.0,1.0
0.786779092888423,0.5592633374177661,0.5460701403095881,0.9789278169386065,0.0,0.0,0.0,1.0
0.7820206546653498,0.5321677653972385,0.5,0.9961023459045134,0.0,0.0,0.0,1.0
0.6602193957623059,0.5,0.6621676718700525,0.9986273868798435,0.0,0.0,0.0,1.0
0.7250493794066054,0.615574699068295,0.5,0.9968644234753995,0.0,0.0,0.0,1.0
0.8492255677578895,0.5145367234393512,0.5,0.9808057243822392,0.0,0.0,0.0,1.0
0.8410497420063698,0.5067775419334998,0.5,0.9950434023204964,0.0,0.0,0.0,1.0
0.8065040668223042,0.5457774681007345,0.522597836901037,0.9808518066697789,0.0,0.0,0.0,1.0
0.8005842667236199,0.5474250154771877,0.5473055321206503,0.9780105801918254,0.0,0.0,0.0,1.0
0.782199161963323,0.5684732634590713,0.6252224317024399,0.9789691829227557,0.0,0.0,0.0,1.0
0.805579020249516,0.5418004870463116,0.5124722173094156,0.9825047019905154,0.0,0.0,0.0,1.0
0.805579020249516,0.5418004870463116,0.5124722173094156,0.9825047019905154,0.0,0.0,0.0,1.0
0.7550344660906795,0.5,0.6056286716038959,0.996603147227105,0.0,0.0,0.0,1.0
0.8427728774745242,0.523795927973307,0.5007334346279154,0.9843421509734888,0.0,0.0,0.0,1.0
0.6422353577715183,0.6318777825536634,0.5847577446427572,0.993429578588267,0.0,0.0,0.0,1.0
0.7394234786538321,0.5706670895819871,0.5234302067210101,0.9948747734981711,0.0,0.0,0.0,1.0
0.812034424423627,0.5143161167426257,0.5,0.9992536129809179,0.0,0.0,0.0,1.0
0.7499682852563226,0.5543471307689086,0.5070086448103013,0.9959860368272183,0.0,0.0,0.0,1.0
0.6351330501890717,0.5618557286709215,0.6928198313836369,0.9969677514110307,0.0,0.0,0.0,1.0
0.768546634130923,0.5,0.5385951451202005,0.9976059639804156,0.0,0.0,0.0,1.0
0.8220553857881101,0.5549404382470519,0.5,0.9986307925607181,0.0,0.0,0.0,1.0
0.6683912773226259,0.6633985992975393,0.5164544747786403,0.9928683683493279,0.0,0.0,0.0,1.0
0.7841749455420879,0.5638308012660886,0.5,0.9974011900776696,0.0,0.0,0.0,1.0
0.6907175601419687,0.6303305784991687,0.5,0.9977743227923528,0.0,0.0,0.0,1.0
0.7571881762161331,0.5,0.5,0.9987265697434771,0.0,0.0,0.0,1.0
0.7719854626113014,0.5656498508132879,0.5137970281923494,0.9916865805693694,0.0,0.0,0.0,1.0
0.7700153681264591,0.5616890792344462,0.5,0.9971855208839527,0.0,0.0,0.0,1.0
0.867984419257907,0.5,0.5,0.996607391657067,0.0,0.0,0.0,1.0
0.7697107643043942,0.5832415625924823,0.5722833249474345,0.9875851628224419,0.0,0.0,0.0,1.0
0.5,0.7786569551182153,0.6394965001962629,0.9539488293241102,0.0,0.0,0.0,1.0
0.7850720467252545,0.5636511479822106,0.5694143600449357,0.973075268147312,0.0,0.0,0.0,1.0
0.7969980168292465,0.5841800773980879,0.5,0.9983953867893478,0.0,0.0,0.0,1.0
0.7660192617040544,0.5,0.7234843594738568,0.9915271280623387,0.0,0.0,0.0,1.0
0.9330404492271589,0.5,0.5,0.9684882306114554,0.0,0.0,0.0,1.0
0.78009054539827,0.5647695167148246,0.5,0.9964882430730427,0.0,0.0,0.0,1.0
0.8323438784361912,0.5245587186883655,0.5,0.9900849727642369,0.0,0.0,0.0,1.0
0.6492132789601768,0.6545465392408248,0.8069910607753952,0.9041114509344501,0.0,0.0,0.0,1.0
0.7763347279509378,0.5600195489519147,0.5180767780606091,0.9852571940155572,0.0,0.0,0.0,1.0
0.7776889932888402,0.548542747407503,0.5,0.9941225934690957,0.0,0.0,0.0,1.0
0.6677988397348811,0.5,0.7691149134649945,0.9951369805945763,0.0,0.0,0.0,1.0
0.7325272338413312,0.5,0.7665743921299657,0.9976416971758515,0.0,0.0,0.0,1.0
0.7929373439743055,0.514767091112549,0.5,0.9962798133252534,0.0,0.0,0.0,1.0
0.8447244750666475,0.5694308737481192,0.5,0.9973540294633325,0.0,0.0,0.0,1.0
0.7812396086985193,0.54324920854524,0.5,0.9981514340875544,0.0,0.0,0.0,1.0
0.7241157999914638,0.713322096310936,0.8038036345141532,0.7623277921109884,0.0,0.0,0.0,1.0
0.6520431103851178,0.9398114333208392,0.6518274912123952,0.5,0.0,0.0,0.0,1.0
0.8018042359785608,0.537524582153376,0.5,0.9976856898114091,0.0,0.0,0.0,1.0
0.5,0.6921277310028265,0.9712979936943555,0.805776685698405,0.0,0.0,0.0,1.0
0.7947110499186084,0.538247672546339,0.5000203847885019,0.9896964661282401,0.0,0.0,0.0,1.0
0.7554569362380809,0.5,0.6062206822146146,0.9961119386831568,0.0,0.0,0.0,1.0
0.7789853893598375,0.5056972570990375,0.6662767918264473,0.988142539169119,0.0,0.0,0.0,1.0
0.7105041985318714,0.5577387054910552,0.5474399892761724,0.9961647301280915,0.0,0.0,0.0,1.0
0.8070880951622824,0.524307014704892,0.5,0.9895443910343658,0.0,0.0,0.0,1.0
0.8467753899443019,0.5,0.5,0.9933798111920574,0.0,0.0,0.0,1.0
0.8070215098451867,0.5254280055720103,0.5384465439492382,0.9920443450526919,0.0,0.0,0.0,1.0
0.8303744215692989,0.5,0.5237419589962966,0.9884966830392834,0.0,0.0,0.0,1.0
0.8373180437441254,0.5,0.519583052330105,0.9911263217600191,0.0,0.0,0.0,1.0
0.7894713935340147,0.5341033715481655,0.5,0.9977147193385568,0.0,0.0,0.0,1.0
0.8107468530915596,0.5347278790724492,0.5904846974508189,0.9831241651173781,0.0,0.0,0.0,1.0
0.9367073686408275,0.5232776840857091,0.686051551274241,0.8217261102616049,0.0,0.0,0.0,1.0
0.7969875630038648,0.5315147882119252,0.5923278743086997,0.9766018250301641,0.0,0.0,0.0,1.0
0.6273434243583058,0.6652131202363757,0.6358869479474458,0.9946981629692248,0.0,0.0,0.0,1.0
0.9499156053951556,0.5,0.5,0.9899416791697234,0.0,0.0,0.0,1.0
0.7986166160126974,0.5520041035625072,0.5,0.9982013021985068,0.0,0.0,0.0,1.0
0.6768315963883724,0.6666959124607493,0.6292453664272858,0.981444007014665,0.0,0.0,0.0,1.0
0.8208585129035852,0.5217585000029331,0.560030563755828,0.9882841551459617,0.0,0.0,0.0,1.0
0.8066367663107489,0.5448660123794182,0.5888255497859749,0.9736837801719104,0.0,0.0,0.0,1.0
0.822746131740248,0.5142916541714669,0.5700028391398478,0.9862068735509066,0.0,0.0,0.0,1.0
0.698321780748823,0.5968814413676241,0.6323143377884219,0.9890730923382695,0.0,0.0,0.0,1.0
0.8087009097746728,0.5340107084607488,0.5219245688670708,0.9915455915333016,0.0,0.0,0.0,1.0
0.815041034304928,0.5038384190131251,0.5,0.9860119493124865,0.0,0.0,0.0,1.0
0.7949430503739494,0.6832416237166166,0.7578498544242899,0.7015793682305367,0.0,0.0,0.0,1.0
0.8549120532424287,0.5,0.5,0.9992235908468837,0.0,0.0,0.0,1.0
0.8302806402543688,0.5,0.5,0.9950445686643727,0.0,0.0,0.0,1.0
0.8545727902435819,0.6321724932170213,0.5,0.9917773365557897,0.0,0.0,0.0,1.0
0.783168306841726,0.5891779640108376,0.6453456766670707,0.9630143195454408,0.0,0.0,0.0,1.0
0.8016700400372064,0.5478913926315738,0.5864779162402532,0.9882469232514215,0.0,0.0,0.0,1.0
0.8406955364541067,0.5520172589446904,0.6023157290450246,0.9287521810059183,0.0,0.0,0.0,1.0
0.795775722395013,0.5312891765277752,0.5,0.9970193286418879,0.0,0.0,0.0,1.0
0.628509953096359,0.6841537578907247,0.5709079868500123,0.9896310898520194,0.0,0.0,0.0,1.0
0.8520558275399381,0.5385685567973175,0.5,0.9994875145165195,0.0,0.0,0.0,1.0
0.7617827265772227,0.5,0.6695792340604926,0.9937529473345711,0.0,0.0,0.0,1.0
0.8837411577691907,0.5,0.8636001310617292,0.9175011699725074,0.0,0.0,0.0,1.0
0.7085541956014391,0.5,0.9450877579647087,0.9087525407807995,0.0,0.0,0.0,1.0
0.5,0.6650473179936527,0.9583759635427447,0.9194108697259754,0.0,0.0,0.0,1.0
0.640230480943247,0.6044046161646212,0.6882035412246766,0.9878484175525231,0.0,0.0,0.0,1.0
0.7300973947864783,0.5705710688767534,0.5,0.9948501262532432,0.0,0.0,0.0,1.0
0.727529880614606,0.6152672417135223,0.5,0.9980171906118275,0.0,0.0,0.0,1.0
0.8828143783411334,0.5,0.7192335207390148,0.958447502490554,0.0,0.0,0.0,1.0
0.7691805303657739,0.5243877956129285,0.5,0.9978165169863128,0.0,0.0,0.0,1.0
0.6324685322650004,0.6585127925608087,0.5438751792888933,0.9945828897035016,0.0,0.0,0.0,1.0
0.8363229399282344,0.680444831345179,0.5,0.9972673326727491,0.0,0.0,0.0,1.0
0.7647429292440312,0.5209041353790308,0.5,0.9950400546201678,0.0,0.0,0.0,1.0
0.5,0.9719825991720475,0.7267894527297182,0.549948280597272,0.0,0.0,0.0,1.0
0.692954403785459,0.6190164555345171,0.5,0.9967443937404702,0.0,0.0,0.0,1.0
0.6871651175345359,0.6334336673103139,0.5,0.9957365618352685,0.0,0.0,0.0,1.0
0.7356733548507138,0.7104842266502642,0.7743175979816133,0.7610104612603237,0.0,0.0,0.0,1.0
0.7397093387887955,0.6232884570076744,0.5,0.9978511049080254,0.0,0.0,0.0,1.0
0.7116659026943669,0.5912855611043205,0.5,0.9909359772209968,0.0,0.0,0.0,1.0
0.7675297273353022,0.528165064898897,0.5,0.99781893522969,0.0,0.0,0.0,1.0
0.6427607850317204,0.6218154375866637,0.6294951859100123,0.9939923109149651,0.0,0.0,0.0,1.0
0.7367584264550214,0.5,0.5547367900175628,0.9990100119446984,0.0,0.0,0.0,1.0
0.7480213580050982,0.5421968133600721,0.5,0.9972663409927346,0.0,0.0,0.0,1.0
0.6069853322896873,0.5592492332216391,0.9742863046117711,0.6822716813659843,0.0,0.0,0.0,1.0
0.7596504348997335,0.5794207007381107,0.539732221637918,0.9854849384616421,0.0,0.0,0.0,1.0
0.7955544848481394,0.519991359308484,0.5,0.9989960959709475,0.0,0.0,0.0,1.0
0.8006782664605688,0.5557339420075694,0.5414434580614774,0.9710637258795013,0.0,0.0,0.0,1.0
0.8009838588052707,0.5430360740859651,0.5420159977377854,0.975676973982267,0.0,0.0,0.0,1.0
0.7909535479635192,0.5553935198077821,0.5583976923792733,0.9792207222546062,0.0,0.0,0.0,1.0
0.818041189436685,0.5507580758822019,0.5699111574917342,0.9620658822491424,0.0,0.0,0.0,1.0
0.8053280561779319,0.5313137561410594,0.5,0.9857127149101934,0.0,0.0,0.0,1.0
0.8073829800043204,0.5323631964616411,0.5347125603971082,0.9788672684535996,0.0,0.0,0.0,1.0
0.7982382939012622,0.5461857051598424,0.5504172793912917,0.9746147713793127,0.0,0.0,0.0,1.0
0.8009491760595782,0.5544459341234151,0.5782642504299572,0.9721941573267843,0.0,0.0,0.0,1.0
0.8011204551271706,0.5662393286927031,0.5992630151626999,0.9623284749074027,0.0,0.0,0.0,1.0
0.7993145362248155,0.5339295160165896,0.5,0.9910056033250979,0.0,0.0,0.0,1.0
0.8022166653943401,0.5354889695461578,0.51370448752037,0.9835589116555167,0.0,0.0,0.0,1.0
0.7546375940940097,0.598297783776583,0.5034700820005493,0.9899551164422575,0.0,0.0,0.0,1.0
0.7995631466117906,0.5521806965150293,0.5525384112566337,0.9707052119659136,0.0,0.0,0.0,1.0
0.7873394668661452,0.554980369275978,0.5058799059482447,0.9846349110532178,0.0,0.0,0.0,1.0
0.8152485238021353,0.5351245549980307,0.5,0.9941675342267997,0.0,0.0,0.0,1.0
0.7263930331442134,0.5317864832366507,0.6246443746973472,0.9937631458846272,0.0,0.0,0.0,1.0
0.7640551774101407,0.5569596648600269,0.5,0.9984517505512809,0.0,0.0,0.0,1.0
0.7152256551875141,0.5379334235347114,0.923973756927253,0.9046784593864703,0.0,0.0,0.0,1.0
0.6848184812220098,0.5,0.9231142113416105,0.9659607897985346,0.0,0.0,0.0,1.0
0.6972743536815212,0.5,0.9505719635758281,0.9228235202226407,0.0,0.0,0.0,1.0
0.7157109391330385,0.5,0.8020588344462004,0.9861101404147153,0.0,0.0,0.0,1.0
0.6639066969318203,0.5924359041918595,0.7162906615230807,0.9906808832757,0.0,0.0,0.0,1.0
0.7572476105400276,0.5,0.7491065714442372,0.9921253313200811,0.0,0.0,0.0,1.0
0.7363097435925849,0.5814807058016029,0.5,0.998168144621591,0.0,0.0,0.0,1.0
0.708024381436572,0.5067722529924877,0.6634295305044673,0.9960370221847885,0.0,0.0,0.0,1.0
0.6665343051531071,0.5270849463753551,0.9101869229401839,0.9519311321995518,0.0,0.0,0.0,1.0
0.7708185201943234,0.6061234394012537,0.5,0.9912783646677603,0.0,0.0,0.0,1.0
0.61311133579537,0.6178347238723644,0.906386105310488,0.8935389872311265,0.0,0.0,0.0,1.0
0.759346676075221,0.5,0.5883811000905739,0.9976782318179573,0.0,0.0,0.0,1.0
0.7937860972339115,0.557611562241451,0.6154153425838902,0.9794853903983757,0.0,0.0,0.0,1.0
0.8059990843421702,0.5505992169713149,0.5414882092578278,0.9841705661390625,0.0,0.0,0.0,1.0
0.7530095229832356,0.6368904964671309,0.5,0.9976434578626979,0.0,0.0,0.0,1.0
0.7821437338116279,0.5,0.543996085260499,0.9980753713806857,0.0,0.0,0.0,1.0
0.7672620827350564,0.5636349123241078,0.5,0.9990537302206844,0.0,0.0,0.0,1.0
0.7864635099109096,0.557011987154099,0.5,0.9943277446314117,0.0,0.0,0.0,1.0
0.769878519350343,0.5917575689649242,0.5,0.9966041785726908,0.0,0.0,0.0,1.0
0.6643308699758206,0.7180722859997257,0.5267673429154511,0.993375538790445,0.0,0.0,0.0,1.0
0.8180468675371158,0.571185750199246,0.5,0.9977351532053415,0.0,0.0,0.0,1.0
0.7530925450498529,0.5,0.7763540191956336,0.9941712794913805,0.0,0.0,0.0,1.0
0.7571440104637126,0.5432985760422777,0.5,0.9973652503596204,0.0,0.0,0.0,1.0
0.7964026681873497,0.5410341845506478,0.5255649924401997,0.983965188504344,0.0,0.0,0.0,1.0
0.7199017272190072,0.5203025259549903,0.7103144756272717,0.9941130517642469,0.0,0.0,0.0,1.0
0.8465439375232735,0.5318833414184492,0.5056076827673919,0.9907397681313752,0.0,0.0,0.0,1.0
0.7923852228741791,0.5506834666483954,0.5480390772320183,0.9800170052490083,0.0,0.0,0.0,1.0
0.7620670822840001,0.6288518940758264,0.5,0.9975697542533336,0.0,0.0,0.0,1.0
0.6902566344204116,0.7020086737292153,0.5823052276194587,0.9928396422648867,0.0,0.0,0.0,1.0
0.7917797232340521,0.5,0.5787367751709136,0.9977104665535204,0.0,0.0,0.0,1.0
0.7482007322959422,0.5948787115887266,0.5,0.9979249455015827,0.0,0.0,0.0,1.0
0.7377602399154044,0.5203777861756526,0.5422994446972301,0.9961103316679739,0.0,0.0,0.0,1.0
0.7482960795334984,0.5,0.5447809527739464,0.9976600066894006,0.0,0.0,0.0,1.0
0.7308013629824007,0.5,0.6618065820188228,0.9959103399688691,0.0,0.0,0.0,1.0
0.8070059144367935,0.530989852672171,0.5231723817550158,0.9832824387701038,0.0,0.0,0.0,1.0
0.5669883309255949,0.5951558678552838,0.7514920402375513,0.9913726655811221,0.0,0.0,0.0,1.0
0.6879587661816323,0.5906543438546682,0.9361427564473751,0.8314520491926221,0.0,0.0,0.0,1.0
0.7255444300341822,0.6033184703410477,0.5,0.9973270511697737,0.0,0.0,0.0,1.0
0.7963884028326425,0.5594294071265948,0.5,0.9986797304452324,0.0,0.0,0.0,1.0
0.7400745302859896,0.5098337514799867,0.5359592659356991,0.9980341395472293,0.0,0.0,0.0,1.0
0.7592739528370902,0.5200394724402697,0.5705960347713513,0.995066527570892,0.0,0.0,0.0,1.0
0.7810099955286198,0.5650779341922404,0.5233955036695535,0.9820425125869513,0.0,0.0,0.0,1.0
0.7970352191632246,0.5420039094313098,0.5285902589168096,0.9843835472983223,0.0,0.0,0.0,1.0
0.6683422229239856,0.6835705281942229,0.5,0.9919999238397254,0.0,0.0,0.0,1.0
0.7411280173451439,0.5281703157418535,0.5217404888413726,0.9950360735070027,0.0,0.0,0.0,1.0
0.76106342395465,0.5,0.714212996816249,0.9916490364305011,0.0,0.0,0.0,1.0
0.7515636074171556,0.6159696471719828,0.5,0.9952225948857437,0.0,0.0,0.0,1.0
0.7202660306175174,0.5679345411986036,0.5002923458481479,0.9951742598865919,0.0,0.0,0.0,1.0
0.7701781566564967,0.5633148698094862,0.5763046361679269,0.9878101050939622,0.0,0.0,0.0,1.0
0.7610131063341601,0.5172856230754169,0.5206221560693465,0.996881152592829,0.0,0.0,0.0,1.0
0.7888764575152286,0.5423095419356583,0.5,0.9982042722773691,0.0,0.0,0.0,1.0
0.7076790534136553,0.5,0.6836094625462902,0.9959475908770519,0.0,0.0,0.0,1.0
0.7289591786694553,0.5,0.6911392759071916,0.9924892979858114,0.0,0.0,0.0,1.0
0.7646431856677492,0.565888383441977,0.5,0.9977111875138532,0.0,0.0,0.0,1.0
0.5,0.807407005299167,0.975045131134015,0.5958039205411765,0.0,0.0,0.0,1.0
0.8439289106566539,0.6349783337257796,0.5,0.9970029381061726,0.0,0.0,0.0,1.0
0.7999999243155332,0.5,0.6486039804486338,0.9922754451780678,0.0,0.0,0.0,1.0
0.5702396215998664,0.9087684939103983,0.745435930391565,0.554303532974692,0.0,0.0,0.0,1.0
0.6596289738528833,0.6962470204425323,0.5,0.9968895414206458,0.0,0.0,0.0,1.0
0.7422937621523076,0.5005189923568308,0.6339787202361744,0.9946793525224394,0.0,0.0,0.0,1.0
0.7667266615040532,0.5143835634030337,0.5748039826767969,0.9962083875570121,0.0,0.0,0.0,1.0
0.7645469321909704,0.5371504926645729,0.5,0.9964660067949673,0.0,0.0,0.0,1.0
0.7873497061304479,0.5436304608532665,0.5,0.9982250943355969,0.0,0.0,0.0,1.0
0.6623616226288336,0.626477023596546,0.6062602016002854,0.9933867158985917,0.0,0.0,0.0,1.0
0.6768501221979069,0.5532090163870943,0.5372446876582995,0.999149081703718,0.0,0.0,0.0,1.0
0.7917896087167764,0.5582355390134419,0.5,0.9949618168798213,0.0,0.0,0.0,1.0
0.856984832284123,0.5,0.9579422038044756,0.620020343411194,0.0,0.0,0.0,1.0
0.7795501004900476,0.6064876866857876,0.6844176058713023,0.9247254414711646,0.0,0.0,0.0,1.0
0.7660574198050493,0.570300327632004,0.5,0.9981168320299022,0.0,0.0,0.0,1.0
0.6831938796764058,0.6233038935528443,0.5,0.9862283593062112,0.0,0.0,0.0,1.0
0.7033595372578181,0.5859899035205409,0.5,0.9987725820598322,0.0,0.0,0.0,1.0
0.7225850420933985,0.5284066640446595,0.5,0.9971411547205077,0.0,0.0,0.0,1.0
0.7745840085967491,0.5765787758737403,0.5860603746592576,0.9761173403094229,0.0,0.0,0.0,1.0
0.8480777318340385,0.5,0.5,0.9995979783698354,0.0,0.0,0.0,1.0
0.8071892483521582,0.5,0.566085781827199,0.9944525274034982,0.0,0.0,0.0,1.0
0.7688961032575737,0.5337807648405916,0.5,0.999249968059117,0.0,0.0,0.0,1.0
0.803067411911922,0.5138684543525228,0.5,0.9993621522572845,0.0,0.0,0.0,1.0
0.7114050122896606,0.5101134541420986,0.5661181085383955,0.9983804844928224,0.0,0.0,0.0,1.0
0.8294127080783923,0.5236051459014746,0.5,0.9898052655297989,0.0,0.0,0.0,1.0
0.7669827615866668,0.5,0.6199323066348975,0.996516402002395,0.0,0.0,0.0,1.0
0.774002361081533,0.5651992144326735,0.5091234748789177,0.9916541880327541,0.0,0.0,0.0,1.0
0.8261751674711822,0.5,0.5,0.9986762540774188,0.0,0.0,0.0,1.0
0.7158784775838809,0.6342115240159834,0.5760518912259143,0.9893957852147662,0.0,0.0,0.0,1.0
0.7914360517910511,0.5997642901040737,0.5470998310702684,0.9662984185285043,0.0,0.0,0.0,1.0
0.7971209252568755,0.5216086680278489,0.5,0.9988021020948772,0.0,0.0,0.0,1.0
0.802156700049826,0.5372375821897624,0.5,0.9988112976424824,0.0,0.0,0.0,1.0
0.8056551855195982,0.5434650482655027,0.5614615554183668,0.9775516128405313,0.0,0.0,0.0,1.0
0.9086153629835576,0.5337006204926671,0.5489401632088147,0.93225896061813,0.0,0.0,0.0,1.0
0.7963440556381797,0.5350203004342894,0.5,0.9911157262713253,0.0,0.0,0.0,1.0
0.8219593868969902,0.507505195850735,0.5693937834624265,0.990976228918336,0.0,0.0,0.0,1.0
0.7860769122822587,0.5331181016731447,0.5,0.9968905806814345,0.0,0.0,0.0,1.0
0.7223675102189129,0.5017776861388256,0.6869589039123031,0.9948268116166991,0.0,0.0,0.0,1.0
0.6776491880509932,0.533563504804471,0.6776834819963848,0.995689816459229,0.0,0.0,0.0,1.0
0.672278660831065,0.5,0.9410726888753649,0.9489334056647455,0.0,0.0,0.0,1.0
0.8853665820379499,0.5,0.577575074466099,0.9708761068037687,0.0,0.0,0.0,1.0
0.747504192296521,0.5270804965712519,0.5,0.9976258821721515,0.0,0.0,0.0,1.0
0.7554694010034277,0.5766638860327243,0.5,0.9947996141452298,0.0,0.0,0.0,1.0
