desert,forest,grassland,tundra,desert_pred,forest_pred,grassland_pred,tundra_pred,desert_label,forest_label,grassland_label,tundra_label
0,0,1,0,0.6483964565742185,0.6150516866318588,0.992046053441463,0.5,0.0,0.0,1.0,0.0
1,0,0,0,0.9969338601654144,0.5374417601991478,0.6357159420321622,0.5,1.0,0.0,0.0,0.0
0,1,0,0,0.7883542924516457,0.539962699919963,0.9351274316440776,0.617764107350318,1.0,0.0,0.0,0.0
1,0,0,0,0.9941964748679932,0.5270192834707642,0.6860466343239835,0.5,1.0,0.0,0.0,0.0
0,0,0,1,0.6280576559409474,0.5,0.5,0.9967090248438424,0.0,0.0,0.0,1.0
0,1,0,0,0.5625620248330555,0.979325781450094,0.6150121858790464,0.5453100364773693,0.0,1.0,0.0,0.0
0,0,0,1,0.6220322723987834,0.5,0.5,0.9975417250236156,0.0,0.0,0.0,1.0
0,1,0,0,0.5,0.6732056778746021,0.9670706023674516,0.7179066902286789,0.0,0.0,1.0,0.0
0,1,0,0,0.5138982913950254,0.9906738678136228,0.5307723908156693,0.592560611032138,0.0,1.0,0.0,0.0
0,0,0,1,0.6966107711819197,0.5,0.5,0.995541377337678,0.0,0.0,0.0,1.0
0,0,0,1,0.5944449128411422,0.5199384850186459,0.5,0.9937672318937876,0.0,0.0,0.0,1.0
0,0,1,0,0.5723025322234666,0.6112407575468162,0.9939637861105772,0.5,0.0,0.0,1.0,0.0
1,0,0,0,0.991345858220279,0.5383596790143732,0.6402344074451419,0.5480630310753434,1.0,0.0,0.0,0.0
0,0,1,0,0.6177424675099535,0.5,0.9978728598218012,0.5,0.0,0.0,1.0,0.0
1,0,0,0,0.9920763487159774,0.5047062884605009,0.6472516657777543,0.6342094222305957,1.0,0.0,0.0,0.0
0,0,0,1,0.5,0.5873803435142982,0.7037038050135851,0.9932179164238848,0.0,0.0,0.0,1.0
0,1,0,0,0.5,0.9919215108214524,0.5578423773260993,0.55881421149776,0.0,1.0,0.0,0.0
0,0,1,0,0.8630967506158613,0.7914185975016806,0.5788965641355956,0.6445467793401192,0.0,0.0,1.0,0.0
0,0,1,0,0.614965845711124,0.5715218474508124,0.9952826830887986,0.5,0.0,0.0,1.0,0.0
1,0,0,0,0.99680759582044,0.5359451681990063,0.6296381669331618,0.5,1.0,0.0,0.0,0.0
0,1,0,0,0.5,0.9956743652547398,0.5687009746285072,0.6149762754298095,0.0,1.0,0.0,0.0
1,0,0,0,0.9946392622879068,0.5382154001601177,0.6378817158890743,0.5001459941226477,1.0,0.0,0.0,0.0
0,0,1,0,0.875714650596969,0.5,0.7905862566805845,0.8473159221520603,0.0,0.0,1.0,0.0
0,1,0,0,0.5064369441244633,0.990355117721424,0.5731269476389134,0.5382012970934219,0.0,1.0,0.0,0.0
1,0,0,0,0.619441429838816,0.5907856316983519,0.9894785614937108,0.5,0.0,0.0,1.0,0.0
0,1,0,0,0.6077092669643785,0.5,0.5,0.9985516060668992,0.0,0.0,0.0,1.0
0,0,0,1,0.604137990381171,0.5134171141099612,0.5021820525877257,0.9924886048298628,0.0,0.0,0.0,1.0
0,1,0,0,0.6515065576766552,0.512019806510168,0.9940850155222806,0.5,0.0,0.0,1.0,0.0
1,0,0,0,0.9800887876392826,0.5002256333674812,0.5345385042153271,0.7843774591148628,1.0,0.0,0.0,0.0
0,0,0,1,0.5,0.5877290563976253,0.5912055778551434,0.99036030867405,0.0,0.0,0.0,1.0
0,1,0,0,0.5020863013333409,0.994555250948133,0.5160889196382863,0.5775305666165306,0.0,1.0,0.0,0.0
0,0,1,0,0.5364660345564691,0.623005124705958,0.9918079030464396,0.5093646645561554,0.0,0.0,1.0,0.0
0,1,0,0,0.5062418447886977,0.989595275529726,0.5386658882454504,0.5944798949026117,0.0,1.0,0.0,0.0
0,0,1,0,0.6134373557994408,0.5369274534324892,0.9958565689070628,0.5,0.0,0.0,1.0,0.0
0,0,1,0,0.5466503445743324,0.5244676981816838,0.997099345028029,0.5326544177900986,0.0,0.0,1.0,0.0
0,1,0,0,0.5223461051544047,0.9919917079103412,0.5296784338623981,0.5795848048828022,0.0,1.0,0.0,0.0
1,0,0,0,0.9948593574571208,0.5,0.63160024031048,0.7211778991424286,1.0,0.0,0.0,0.0
0,0,0,1,0.6320646704972999,0.5,0.5,0.9974368821989712,0.0,0.0,0.0,1.0
0,0,0,1,0.590010233397038,0.5,0.5,0.9986081562863394,0.0,0.0,0.0,1.0
1,0,0,0,0.9959667273127598,0.544235700917523,0.6123132924929624,0.511517014592229,1.0,0.0,0.0,0.0
0,0,0,1,0.6384732000268307,0.5,0.5,0.9979433439853906,0.0,0.0,0.0,1.0
0,1,0,0,0.604955131126962,0.5,0.5,0.999725332246038,0.0,0.0,0.0,1.0
1,0,0,0,0.9923051830005986,0.5263460570422638,0.6581921348409193,0.5500762659235262,1.0,0.0,0.0,0.0
0,1,0,0,0.6368203318266485,0.5,0.99674094754478,0.5,0.0,0.0,1.0,0.0
0,0,1,0,0.5981516218437678,0.6228122925087557,0.9700705852400436,0.6119527778722529,0.0,0.0,1.0,0.0
0,0,0,1,0.665073925566808,0.5,0.5,0.994874333400878,0.0,0.0,0.0,1.0
1,0,0,0,0.9949125901768928,0.5,0.6969109264873493,0.689793825295732,1.0,0.0,0.0,0.0
0,1,0,0,0.5,0.996524937993078,0.5,0.5844251172543403,0.0,1.0,0.0,0.0
0,0,0,1,0.6339617906328334,0.5,0.5,0.9950177184500908,0.0,0.0,0.0,1.0
0,0,1,0,0.6982469996260031,0.5148971605488554,0.9863137796969969,0.5023643421732213,0.0,0.0,1.0,0.0
1,0,0,0,0.9885453690754804,0.5,0.7891384952012395,0.5960189909323489,1.0,0.0,0.0,0.0
0,0,0,1,0.567098987539842,0.6846766252409171,0.5,0.9959792560537116,0.0,0.0,0.0,1.0
0,1,0,0,0.5205964859402353,0.5936709677096754,0.9948212036421598,0.5595192164466625,0.0,0.0,1.0,0.0
0,0,0,1,0.5899247015944714,0.5,0.5,0.9979891603360646,0.0,0.0,0.0,1.0
0,1,0,0,0.6283360877782281,0.5,0.9986817728424732,0.5255540166891214,0.0,0.0,1.0,0.0
0,1,0,0,0.5340503176758992,0.9902087297439932,0.5663851922928097,0.5561820138683394,0.0,1.0,0.0,0.0
1,0,0,0,0.6361052170001915,0.5,0.9945180224228608,0.5,0.0,0.0,1.0,0.0
0,1,0,0,0.5767537422316282,0.6777036746888341,0.9922846683391234,0.5,0.0,0.0,1.0,0.0
0,0,0,1,0.5985096785845773,0.5,0.5,0.9981922833506532,0.0,0.0,0.0,1.0
0,0,1,0,0.5291742564513837,0.9745894065580222,0.5984453677492833,0.5720724974721415,0.0,1.0,0.0,0.0
0,1,0,0,0.6333384433985733,0.5437346530540065,0.9954150175622188,0.5,0.0,0.0,1.0,0.0
0,0,1,0,0.6549545787021885,0.5155854382397099,0.98665157330863,0.5,0.0,0.0,1.0,0.0
1,0,0,0,0.9842099191209585,0.5,0.5590367625176482,0.951675652089039,1.0,0.0,0.0,0.0
0,1,0,0,0.5518533605387956,0.9918850419952356,0.5658783753341693,0.5294394490167079,0.0,1.0,0.0,0.0
1,0,0,0,0.9941982409200693,0.5471424021796591,0.6354068713128402,0.5110758749666667,1.0,0.0,0.0,0.0
1,0,0,0,0.7830146387286661,0.5398055749835123,0.9870123874713316,0.5,0.0,0.0,1.0,0.0
0,0,0,1,0.6421864229618977,0.5,0.5,0.9965516797942384,0.0,0.0,0.0,1.0
0,1,0,0,0.6831333716879476,0.5,0.9981674914548372,0.5,0.0,0.0,1.0,0.0
0,0,0,1,0.8318173925239283,0.5,0.5,0.9991147448384148,0.0,0.0,0.0,1.0
1,0,0,0,0.989152001840272,0.506131296962606,0.5648801001015507,0.6575235821061816,1.0,0.0,0.0,0.0
0,1,0,0,0.5411481929526,0.9873796505796208,0.5501485850478206,0.5751304689781331,0.0,1.0,0.0,0.0
0,0,0,1,0.5701260404337959,0.6074592906513617,0.5,0.994017373574995,0.0,0.0,0.0,1.0
0,0,0,1,0.6585155938902643,0.5,0.5060895426952707,0.9897065071783168,0.0,0.0,0.0,1.0
1,0,0,0,0.9966602388862622,0.5426967465755935,0.6600237225739436,0.5,1.0,0.0,0.0,0.0
0,1,0,0,0.5043741633892725,0.9814353297087012,0.5873081257786537,0.5788575792726061,0.0,1.0,0.0,0.0
0,0,1,0,0.6568145953731389,0.5117415950931821,0.9942445033149888,0.5,0.0,0.0,1.0,0.0
0,0,1,0,0.5,0.7270913192097733,0.9842234300162642,0.726443447660162,0.0,0.0,1.0,0.0
0,0,0,1,0.6937472941322187,0.5,0.5,0.9975379101060524,0.0,0.0,0.0,1.0
0,0,1,0,0.5,0.9889104659933562,0.7703326180299378,0.6000200026867546,0.0,1.0,0.0,0.0
1,0,0,0,0.9971309854275328,0.5,0.5468739379163949,0.7473855551067077,1.0,0.0,0.0,0.0
0,0,1,0,0.6358811240972234,0.552439614780064,0.9957727301924012,0.5,0.0,0.0,1.0,0.0
0,0,1,0,0.5046818731973363,0.9881472648700168,0.5771293138961774,0.546591420621717,0.0,1.0,0.0,0.0
0,0,0,1,0.5533199340407445,0.9892108176751452,0.5582410364395278,0.5484157615609206,0.0,1.0,0.0,0.0
0,1,0,0,0.5625286038114519,0.9819716684216618,0.6595438569518492,0.5,0.0,1.0,0.0,0.0
0,0,0,1,0.6010864916586931,0.8316268379024302,0.8672699857600644,0.5433745334774573,0.0,0.0,0.0,1.0
0,1,0,0,0.5812194617677622,0.9859893139315158,0.5848369313023123,0.5286282290146475,0.0,1.0,0.0,0.0
0,1,0,0,0.5,0.9975256296848406,0.5,0.6232163511728301,0.0,1.0,0.0,0.0
0,0,0,1,0.6076142286076788,0.5,0.5,0.9979543081507812,0.0,0.0,0.0,1.0
0,1,0,0,0.5,0.9903845192666352,0.641296493554096,0.6359927087633713,0.0,1.0,0.0,0.0
0,0,0,1,0.5,0.8043399049723695,0.93731845675024,0.5611119499100835,0.0,0.0,1.0,0.0
0,0,1,0,0.5242107475183134,0.5985036916610623,0.9636823500404408,0.5635429712148428,0.0,0.0,1.0,0.0
0,0,1,0,0.5,0.502408813675557,0.978033989977456,0.9000697193908105,0.0,0.0,1.0,0.0
0,0,1,0,0.5028105138021826,0.678026134007406,0.9913001006031228,0.5186861335181652,0.0,0.0,1.0,0.0
0,1,0,0,0.5,0.9872668658978836,0.587300237796703,0.554425975014395,0.0,1.0,0.0,0.0
1,0,0,0,0.9777755929809508,0.5610238913204099,0.6052135198523516,0.6131407153300723,1.0,0.0,0.0,0.0
0,0,0,1,0.6516605201210397,0.5672095862492775,0.9946826876597046,0.5,0.0,0.0,1.0,0.0
1,0,0,0,0.571907634165788,0.9862782160545736,0.5768454265514862,0.5327379043639001,0.0,1.0,0.0,0.0
0,0,1,0,0.5,0.993926644147576,0.5,0.6252346104296409,0.0,1.0,0.0,0.0
1,0,0,0,0.9975261157185048,0.53891705373274,0.6677444781336042,0.5,1.0,0.0,0.0,0.0
0,0,0,1,0.6525323840594407,0.5,0.5,0.9990265410916144,0.0,0.0,0.0,1.0
1,0,0,0,0.9781554529832868,0.5,0.5109998565048224,0.8181486950634878,1.0,0.0,0.0,0.0
0,0,1,0,0.6350400302596938,0.5205533327298849,0.9956603364109944,0.5,0.0,0.0,1.0,0.0
1,0,0,0,0.5917453582825777,0.5063631824255078,0.994750561719736,0.5,0.0,0.0,1.0,0.0
0,0,1,0,0.5123380386296191,0.9924529017031138,0.5270627641706057,0.5717395879098733,0.0,1.0,0.0,0.0
0,0,1,0,0.6465930905377463,0.5,0.9967908364745428,0.5,0.0,0.0,1.0,0.0
1,0,0,0,0.5,0.993924672116332,0.5734172730199667,0.5667868505461184,0.0,1.0,0.0,0.0
0,0,1,0,0.6664208254853466,0.5,0.9984196612835942,0.5,0.0,0.0,1.0,0.0
0,0,0,1,0.6322481511228304,0.5,0.6194104121527281,0.9898868449880748,0.0,0.0,0.0,1.0
1,0,0,0,0.9852033425343576,0.515824336146775,0.7197899140315526,0.6124080672727192,1.0,0.0,0.0,0.0
0,0,0,1,0.5500866068398412,0.5110237016924756,0.5544152775664826,0.9943846117311306,0.0,0.0,0.0,1.0
0,1,0,0,0.5,0.9909448598972538,0.5917811692433897,0.5449401685614134,0.0,1.0,0.0,0.0
0,1,0,0,0.596764916670572,0.5446058735733937,0.9933817457329795,0.5,0.0,0.0,1.0,0.0
0,0,0,1,0.5,0.6535231374742964,0.7655703770118037,0.974634406553466,0.0,0.0,0.0,1.0
0,1,0,0,0.5371937635647972,0.9880489396487572,0.5947012604548204,0.5154248614313878,0.0,1.0,0.0,0.0
0,0,1,0,0.5250423221647479,0.9896199425321828,0.5408236210754411,0.5770229893919309,0.0,1.0,0.0,0.0
1,0,0,0,0.5931238915897245,0.5159319480086476,0.9916403999376834,0.5679686050168928,0.0,0.0,1.0,0.0
0,0,1,0,0.7427898016689604,0.5,0.9741334034006144,0.6724485413511957,0.0,0.0,1.0,0.0
0,0,1,0,0.5834964593373765,0.5738239583710619,0.9933724221634856,0.5014166198018396,0.0,0.0,1.0,0.0
0,0,0,1,0.6693408995928679,0.5,0.5,0.998460803128981,0.0,0.0,0.0,1.0
1,0,0,0,0.9968111930650418,0.5504650972971379,0.6704291811744941,0.5,1.0,0.0,0.0,0.0
0,0,0,1,0.6459396155162216,0.5,0.5,0.9969973004839178,0.0,0.0,0.0,1.0
1,0,0,0,0.8525701568310009,0.5,0.9783874099708628,0.7710682707795331,1.0,0.0,0.0,0.0
1,0,0,0,0.9855203846697314,0.5,0.5,0.7482314768747349,1.0,0.0,0.0,0.0
1,0,0,0,0.983150070639246,0.5156403029213844,0.8353348347109217,0.5,1.0,0.0,0.0,0.0
1,0,0,0,0.9910106937407716,0.5141485549510698,0.6580138859201763,0.6124571880633594,1.0,0.0,0.0,0.0
0,1,0,0,0.7040915933334541,0.5,0.5,0.9962992033698236,0.0,0.0,0.0,1.0
1,0,0,0,0.9707816321157392,0.5065972105445388,0.8639442774486885,0.5468709321790081,1.0,0.0,0.0,0.0
0,0,1,0,0.617660900467885,0.5124588443838807,0.9969982424862024,0.5,0.0,0.0,1.0,0.0
0,0,1,0,0.9931538755393432,0.5115790820551269,0.7481159191459518,0.5637576988889064,1.0,0.0,0.0,0.0
0,0,0,1,0.755140636805991,0.5,0.5,0.9976307606038664,0.0,0.0,0.0,1.0
0,0,0,1,0.5569062528998013,0.5,0.5,0.9985492835449192,0.0,0.0,0.0,1.0
1,0,0,0,0.5,0.9887381325249822,0.5359986829617285,0.646351170377373,0.0,1.0,0.0,0.0
1,0,0,0,0.993564273085165,0.5290252502157105,0.6726071283707115,0.5467266232271899,1.0,0.0,0.0,0.0
1,0,0,0,0.9945299368630928,0.5,0.677177862870129,0.6689377886958114,1.0,0.0,0.0,0.0
1,0,0,0,0.7770089894149468,0.531016252494691,0.8903737473262557,0.783866584677965,1.0,0.0,0.0,0.0
1,0,0,0,0.6140163002026312,0.510771589561238,0.990533429639033,0.5,0.0,0.0,1.0,0.0
0,0,0,1,0.6305568386470431,0.5,0.5,0.9966933593638564,0.0,0.0,0.0,1.0
0,0,0,1,0.6330686596254923,0.5,0.5,0.9984423704551106,0.0,0.0,0.0,1.0
0,1,0,0,0.52901463734505,0.9923703101977828,0.5335803784593048,0.563369581111688,0.0,1.0,0.0,0.0
0,1,0,0,0.5,0.9950767045222184,0.5183565777891649,0.5882765825337338,0.0,1.0,0.0,0.0
0,0,0,1,0.5773473738661556,0.5,0.5,0.9978521659715583,0.0,0.0,0.0,1.0
1,0,0,0,0.9228861030868688,0.5,0.5,0.972014895329687,1.0,0.0,0.0,0.0
0,0,1,0,0.5,0.9929541220984752,0.564307760108434,0.6045942943854022,0.0,1.0,0.0,0.0
0,1,0,0,0.5,0.9934295350140222,0.5814603980479934,0.5336085257696593,0.0,1.0,0.0,0.0
1,0,0,0,0.9944879926020844,0.5391574920166907,0.7052265016483213,0.5158295388844081,1.0,0.0,0.0,0.0
0,0,0,1,0.5693288151301967,0.5,0.5,0.999277372660328,0.0,0.0,0.0,1.0
0,1,0,0,0.6776210249637454,0.5492374684226915,0.9910507646531204,0.5,0.0,0.0,1.0,0.0
0,0,1,0,0.7474447432944039,0.5253768481610219,0.9797144479324652,0.6048892052955762,0.0,0.0,1.0,0.0
0,1,0,0,0.5,0.9957220067394372,0.5580015471127975,0.5885433463549278,0.0,1.0,0.0,0.0
1,0,0,0,0.9922359491377216,0.5,0.6592925146775173,0.6423291240858311,1.0,0.0,0.0,0.0
1,0,0,0,0.994250238799896,0.5,0.6200485545153211,0.6331911995388685,1.0,0.0,0.0,0.0
0,0,1,0,0.9359710980158432,0.5,0.8304711994493997,0.7952588557307607,1.0,0.0,0.0,0.0
0,0,1,0,0.5398071815120669,0.5579246099194837,0.9967120437300748,0.516802151130794,0.0,0.0,1.0,0.0
0,0,0,1,0.66244119756629,0.5598140018803216,0.5163263880753833,0.970058365209944,0.0,0.0,0.0,1.0
1,0,0,0,0.9931226480843132,0.5,0.6086828603533748,0.7170935583395148,1.0,0.0,0.0,0.0
0,1,0,0,0.5169442486451857,0.9871093160029496,0.5755436756729421,0.5454151079810706,0.0,1.0,0.0,0.0
0,0,1,0,0.9891589275493156,0.5,0.6326503632290038,0.7049028389934663,1.0,0.0,0.0,0.0
0,1,0,0,0.5386825961935238,0.9876662116441656,0.5645990653278404,0.5609225435900476,0.0,1.0,0.0,0.0
1,0,0,0,0.6354693930498189,0.9834417069022694,0.5988815119833547,0.5,0.0,1.0,0.0,0.0
1,0,0,0,0.9949177163456796,0.5234438113260014,0.6088278813625619,0.6053817617464533,1.0,0.0,0.0,0.0
1,0,0,0,0.9884887423614032,0.5463576027260059,0.6251017671481729,0.5902197575294255,1.0,0.0,0.0,0.0
0,0,0,1,0.5671997243090057,0.5018439358324445,0.5,0.9979930540836705,0.0,0.0,0.0,1.0
0,1,0,0,0.9946615696197632,0.5265220828177846,0.6574761063827763,0.5081286941868907,1.0,0.0,0.0,0.0
0,0,0,1,0.7685112194352552,0.5,0.5,0.9960147367980224,0.0,0.0,0.0,1.0
1,0,0,0,0.5849547660793981,0.9979011830227588,0.6305848168757665,0.5,0.0,1.0,0.0,0.0
1,0,0,0,0.9899367781145266,0.531923573997015,0.6453925218713116,0.5583533483734252,1.0,0.0,0.0,0.0
0,0,0,1,0.6236064860205475,0.5,0.5,0.9978162021792532,0.0,0.0,0.0,1.0
0,0,1,0,0.5941769798422437,0.5557907303732398,0.9945182329929724,0.5,0.0,0.0,1.0,0.0
0,1,0,0,0.5,0.9924337231944996,0.544198384523134,0.596595427575517,0.0,1.0,0.0,0.0
0,1,0,0,0.9960071738082692,0.5,0.6580551294831473,0.5461044542219355,1.0,0.0,0.0,0.0
1,0,0,0,0.9845537444540202,0.5,0.5849856323374818,0.7046159276096605,1.0,0.0,0.0,0.0
1,0,0,0,0.9867330619538938,0.5033314331108079,0.8351739468995664,0.5,1.0,0.0,0.0,0.0
1,0,0,0,0.9942180653750834,0.6333204770217324,0.5,0.6224302445760337,1.0,0.0,0.0,0.0
0,0,0,1,0.6376556562266454,0.5,0.5,0.9994383403382204,0.0,0.0,0.0,1.0
0,0,0,1,0.5834321635022126,0.5,0.5,0.9990450931683648,0.0,0.0,0.0,1.0
1,0,0,0,0.9950963885515752,0.5468329207531509,0.6185246174494679,0.5180775891123498,1.0,0.0,0.0,0.0
0,1,0,0,0.5,0.98747609044959,0.6204524782343429,0.532210970314734,0.0,1.0,0.0,0.0
0,0,1,0,0.9427150912598494,0.5302252296548159,0.9303165481522012,0.5066658704657476,1.0,0.0,0.0,0.0
1,0,0,0,0.710649886414801,0.5,0.9952799845899446,0.5,0.0,0.0,1.0,0.0
0,1,0,0,0.6772613537953532,0.5,0.996095593940154,0.5,0.0,0.0,1.0,0.0
0,1,0,0,0.5685986109010629,0.9860352249494292,0.5705228009493527,0.5484786814364813,0.0,1.0,0.0,0.0
0,0,0,1,0.6211905750602218,0.5,0.5,0.9990535386157186,0.0,0.0,0.0,1.0
0,1,0,0,0.6271129451704223,0.5,0.9977854917938062,0.5,0.0,0.0,1.0,0.0
1,0,0,0,0.9955478366426694,0.5610856897996338,0.660645643301329,0.5,1.0,0.0,0.0,0.0
0,1,0,0,0.5416753090609643,0.9892932394277236,0.5465067400812339,0.567828308859275,0.0,1.0,0.0,0.0
0,1,0,0,0.5,0.992731368383918,0.5119897533013221,0.6416241519833581,0.0,1.0,0.0,0.0
0,0,0,1,0.7318910054796584,0.5,0.5,0.9969602564586793,0.0,0.0,0.0,1.0
0,1,0,0,0.5188040127402023,0.9922335610348152,0.5420305790991737,0.5589661227123311,0.0,1.0,0.0,0.0
0,1,0,0,0.5071426743974138,0.9922010768063432,0.5386370860867088,0.5757254668924305,0.0,1.0,0.0,0.0
0,0,0,1,0.5,0.588163127219918,0.5864044735967249,0.992175316689321,0.0,0.0,0.0,1.0
0,0,1,0,0.5,0.7632784696570574,0.9926296266827088,0.5199686787625718,0.0,0.0,1.0,0.0
0,0,0,1,0.6308114983988665,0.5,0.5071923241749583,0.9935776810803002,0.0,0.0,0.0,1.0
0,0,1,0,0.5206342073252924,0.9878549353655188,0.5619152345622909,0.564635981763681,0.0,1.0,0.0,0.0
0,0,0,1,0.6530582724392693,0.5,0.5,0.9977803431051314,0.0,0.0,0.0,1.0
1,0,0,0,0.6738376852413263,0.5,0.9932151278242992,0.5,0.0,0.0,1.0,0.0
0,0,0,1,0.6524967322386497,0.5,0.5,0.9985258275411376,0.0,0.0,0.0,1.0
0,1,0,0,0.645980359546283,0.5,0.5,0.9991089879014948,0.0,0.0,0.0,1.0
0,1,0,0,0.645980359546283,0.5,0.5,0.9991089879014948,0.0,0.0,0.0,1.0
1,0,0,0,0.946715767008452,0.5626063872999717,0.5978061648494836,0.7847077878704438,1.0,0.0,0.0,0.0
0,1,0,0,0.5120762993823729,0.9884826692970674,0.5583043146073536,0.5618877231213079,0.0,1.0,0.0,0.0
0,1,0,0,0.6461411203366751,0.568178546207695,0.992954949394145,0.5,0.0,0.0,1.0,0.0
0,1,0,0,0.5660594207934295,0.5715248907685475,0.5580683016727942,0.9888593961494906,0.0,0.0,0.0,1.0
1,0,0,0,0.630492159065734,0.5,0.5,0.9932367865962324,1.0,0.0,0.0,0.0
0,1,0,0,0.5,0.9932867825493772,0.7155589183672185,0.5956748635044038,0.0,1.0,0.0,0.0
0,0,1,0,0.7063841541358468,0.5,0.9877046522367466,0.558617252756993,0.0,0.0,1.0,0.0
0,1,0,0,0.5298834907038992,0.9885415240446428,0.5535659330600466,0.5641428953303833,0.0,1.0,0.0,0.0
0,0,1,0,0.6834689515722151,0.5223861332366739,0.982735562159379,0.6233091976207489,0.0,0.0,1.0,0.0
0,0,0,1,0.6357148791763102,0.5,0.5,0.9984500904064448,0.0,0.0,0.0,1.0
0,0,1,0,0.713467949349283,0.5034682194450679,0.9940508488178428,0.5,0.0,0.0,1.0,0.0
0,1,0,0,0.516335481111438,0.99390903170974,0.5193386194606543,0.5816233382267615,0.0,1.0,0.0,0.0
1,0,0,0,0.5,0.9918262313456844,0.5965338142363185,0.5193305551080132,0.0,1.0,0.0,0.0
0,0,1,0,0.6552708395046826,0.511878385899221,0.9963074153727424,0.5,0.0,0.0,1.0,0.0
1,0,0,0,0.5,0.9898804750754148,0.5384857909063899,0.6168725544519084,0.0,1.0,0.0,0.0
0,0,1,0,0.5243331879923869,0.9878118389776164,0.5439537680202229,0.5894814482635646,0.0,1.0,0.0,0.0
0,0,1,0,0.5470928675083864,0.988288013766146,0.6754508653180787,0.5,0.0,1.0,0.0,0.0
1,0,0,0,0.9959993761279632,0.5254524693864694,0.6741232516940122,0.5,1.0,0.0,0.0,0.0
0,0,0,1,0.5922224120692956,0.5062965849103451,0.5300076751058341,0.9926256661056592,0.0,0.0,0.0,1.0
0,1,0,0,0.5063287495268791,0.9863302030732964,0.661669266629844,0.5228144172889534,0.0,1.0,0.0,0.0
0,0,0,1,0.6332095700427377,0.5,0.5,0.9979225714013276,0.0,0.0,0.0,1.0
0,1,0,0,0.5,0.9969213609813912,0.6569225141115952,0.5634688683249648,0.0,1.0,0.0,0.0
0,1,0,0,0.5,0.9971682891098562,0.5839644866665253,0.60719288807295,0.0,1.0,0.0,0.0
0,1,0,0,0.7574528590241291,0.5,0.991827541713428,0.5,0.0,0.0,1.0,0.0
0,0,1,0,0.6274965666727053,0.5083317792238371,0.9968737890400392,0.5,0.0,0.0,1.0,0.0
0,1,0,0,0.5,0.992181870039049,0.5436413815463573,0.5780312707792795,0.0,1.0,0.0,0.0
0,0,1,0,0.5986093536773868,0.5510231200029397,0.9949673378263556,0.5,0.0,0.0,1.0,0.0
0,0,0,1,0.5,0.5163311960172187,0.6548879395740792,0.9931174873539442,0.0,0.0,0.0,1.0
1,0,0,0,0.9919708238307778,0.5,0.6100181969482035,0.6709723555837931,1.0,0.0,0.0,0.0
0,1,0,0,0.5,0.9943880720374018,0.558525758574486,0.5606503152490038,0.0,1.0,0.0,0.0
0,1,0,0,0.5106298103762337,0.9898796152629448,0.6003282045261321,0.5150388031469422,0.0,1.0,0.0,0.0
0,1,0,0,0.5,0.9930856858120968,0.5086118778639319,0.6068371327078249,0.0,1.0,0.0,0.0
0,0,1,0,0.5,0.5909931324548323,0.949400878885133,0.8392767367686318,0.0,0.0,1.0,0.0
1,0,0,0,0.9949517317813896,0.5,0.6812590621832647,0.5,1.0,0.0,0.0,0.0
0,0,1,0,0.7694707813332895,0.5,0.996044265841502,0.5,0.0,0.0,1.0,0.0
0,1,0,0,0.5,0.997264789717374,0.5,0.6051795181329772,0.0,1.0,0.0,0.0
0,1,0,0,0.7183503505582179,0.5,0.9709940387079236,0.8116975586670686,0.0,0.0,1.0,0.0
0,1,0,0,0.5,0.994015748515764,0.5535723038355185,0.6394319135716223,0.0,1.0,0.0,0.0
0,0,0,1,0.5809547259319124,0.7079000510324635,0.5,0.9936077673672894,0.0,0.0,0.0,1.0
0,0,1,0,0.5456665995908637,0.9812746272507228,0.6212818783232195,0.5282961261520326,0.0,1.0,0.0,0.0
0,0,0,1,0.5,0.5569242923611353,0.5412980860571392,0.995697220124853,0.0,0.0,0.0,1.0
0,1,0,0,0.5,0.989767192780442,0.5776942163813205,0.5606733877360945,0.0,1.0,0.0,0.0
1,0,0,0,0.9970742142033152,0.5,0.6864367151079138,0.9601639420490172,1.0,0.0,0.0,0.0
0,1,0,0,0.5,0.5817480316043387,0.993037368478424,0.6614802600070339,0.0,0.0,1.0,0.0
0,1,0,0,0.5168274042211561,0.5129064850619417,0.8314645615675493,0.9793449271446066,0.0,0.0,0.0,1.0
0,0,0,1,0.6322132819386771,0.5,0.5,0.9956024807684138,0.0,0.0,0.0,1.0
0,0,0,1,0.5495030594906087,0.5075322353426251,0.8385085651026896,0.9721602618677592,0.0,0.0,0.0,1.0
1,0,0,0,0.9821043655105974,0.5,0.5,0.8827082024962144,1.0,0.0,0.0,0.0
1,0,0,0,0.9912348140461216,0.5,0.619165756313997,0.6795224603737389,1.0,0.0,0.0,0.0
0,0,0,1,0.5424918336369449,0.5123593957224201,0.5,0.997800877980776,0.0,0.0,0.0,1.0
0,0,0,1,0.5104826506656917,0.5210664281090956,0.8574400023234819,0.980993733851142,0.0,0.0,0.0,1.0
0,1,0,0,0.6040773418802811,0.8755070517463152,0.5,0.9110591526441568,0.0,0.0,0.0,1.0
0,1,0,0,0.5,0.9947331579545814,0.5675796484497435,0.5836875772636312,0.0,1.0,0.0,0.0
0,0,0,1,0.5645615840462038,0.5186154886884711,0.5,0.9971569104875032,0.0,0.0,0.0,1.0
0,1,0,0,0.8905879884148484,0.509039400469801,0.8990247586467505,0.7751667754878746,0.0,0.0,1.0,0.0
1,0,0,0,0.9886279867841684,0.5421900668182499,0.6138346410811165,0.6008453953077912,1.0,0.0,0.0,0.0
0,1,0,0,0.5,0.9923635811507862,0.5915654823951174,0.6670538125476636,0.0,1.0,0.0,0.0
0,0,1,0,0.5127157618715684,0.5469151833777008,0.9914855536835244,0.7095641347114966,0.0,0.0,1.0,0.0
1,0,0,0,0.5190436893725574,0.9765934989924692,0.5751537942060199,0.6333649770382987,0.0,1.0,0.0,0.0
1,0,0,0,0.9959005925380312,0.537471069287108,0.6370071167775835,0.5,1.0,0.0,0.0,0.0
0,1,0,0,0.5,0.9967318828069024,0.5,0.5836371875501857,0.0,1.0,0.0,0.0
0,0,1,0,0.9986723165875891,0.5,0.6229794915934456,0.637861683216259,1.0,0.0,0.0,0.0
0,0,1,0,0.6379724695968304,0.5,0.9960282319970544,0.5,0.0,0.0,1.0,0.0
0,1,0,0,0.5754275547583423,0.5,0.9881997755066826,0.7885340646293485,0.0,0.0,1.0,0.0
1,0,0,0,0.9960522913830172,0.5,0.624492662428132,0.6864143402281152,1.0,0.0,0.0,0.0
0,0,1,0,0.5,0.6696038143582287,0.9946623747266804,0.5794773406944682,0.0,0.0,1.0,0.0
0,0,1,0,0.5,0.9918720511964394,0.6147983418212295,0.6421006669090991,0.0,1.0,0.0,0.0
0,0,0,1,0.8130846582816211,0.5696303704498364,0.583893542771413,0.9098665795112176,0.0,0.0,0.0,1.0
0,1,0,0,0.5881086520566947,0.525526187067442,0.5062740281172963,0.993923091153047,0.0,0.0,0.0,1.0
0,1,0,0,0.7911559843862939,0.50682444211011,0.9472494886632292,0.6170310420144113,0.0,0.0,1.0,0.0
0,1,0,0,0.9034735223011982,0.5558213018946304,0.9588116945142086,0.5,1.0,0.0,0.0,0.0
1,0,0,0,0.6849925599235477,0.5532590250093968,0.9883427873068388,0.5,0.0,0.0,1.0,0.0
0,0,0,1,0.6181042453139084,0.5,0.5,0.9975142531484784,0.0,0.0,0.0,1.0
0,0,0,1,0.5793924852852766,0.5011054706442062,0.5,0.997950593936053,0.0,0.0,0.0,1.0
0,0,0,1,0.5912358431340043,0.5096968173584993,0.5,0.9949388396439136,0.0,0.0,0.0,1.0
0,0,1,0,0.5563106828484217,0.5082098912844967,0.998611022419344,0.5,0.0,0.0,1.0,0.0
1,0,0,0,0.9927399686722472,0.5,0.7174727067347482,0.688752003352698,1.0,0.0,0.0,0.0
0,0,1,0,0.5,0.7140755368960738,0.91100227999507,0.8258960093870731,0.0,0.0,1.0,0.0
0,1,0,0,0.9840570600673728,0.5041443650487639,0.5547338160546947,0.7056980343977902,1.0,0.0,0.0,0.0
0,0,0,1,0.5612090902605851,0.5,0.5,0.9984665859033552,0.0,0.0,0.0,1.0
0,0,1,0,0.5608611218083028,0.5302507807609111,0.9965551650152472,0.5,0.0,0.0,1.0,0.0
0,1,0,0,0.691709432063473,0.5,0.578388172723414,0.9857909052650784,0.0,0.0,0.0,1.0
0,0,1,0,0.5909723276458466,0.559757783127279,0.9948638158205744,0.5,0.0,0.0,1.0,0.0
0,0,0,1,0.6902483000331597,0.6299943529261307,0.595011914736096,0.9581327402477712,0.0,0.0,0.0,1.0
0,0,1,0,0.703848283248468,0.523498080715376,0.993979184039338,0.5,0.0,0.0,1.0,0.0
0,1,0,0,0.7874837414230657,0.5,0.9893219147142722,0.5,0.0,0.0,1.0,0.0
0,0,0,1,0.7325836133968157,0.5345861380475314,0.9889959714595364,0.5,0.0,0.0,1.0,0.0
0,1,0,0,0.5078541638798397,0.6204806768936107,0.995129900394606,0.5,0.0,0.0,1.0,0.0
0,0,0,1,0.6885147247538291,0.5,0.5,0.9999449282697096,0.0,0.0,0.0,1.0
0,1,0,0,0.9827776373734872,0.5,0.8260416282132085,0.5,1.0,0.0,0.0,0.0
0,0,0,1,0.6438060167192282,0.5,0.5,0.9989461827965568,0.0,0.0,0.0,1.0
1,0,0,0,0.8662204369393792,0.5,0.5,0.9845151185818812,1.0,0.0,0.0,0.0
0,1,0,0,0.5129244773767693,0.9892966380280614,0.5726508952120518,0.5696132887347202,0.0,1.0,0.0,0.0
0,1,0,0,0.5049708058582906,0.9886267751496,0.6035253285530527,0.5249911291783854,0.0,1.0,0.0,0.0
0,0,1,0,0.5889215189852728,0.9795249579217412,0.605508170603092,0.5294880919963092,0.0,1.0,0.0,0.0
0,1,0,0,0.5248719022777064,0.983474721793412,0.5582654292581973,0.6054884299378007,0.0,1.0,0.0,0.0
1,0,0,0,0.991172371948495,0.5082663364570895,0.7729716988272867,0.5271218000966265,1.0,0.0,0.0,0.0
0,1,0,0,0.5249721534716434,0.9899422916354724,0.5972239673477416,0.5069259221785127,0.0,1.0,0.0,0.0
0,1,0,0,0.6582906883470837,0.5278347840560342,0.9900771618509908,0.5,0.0,0.0,1.0,0.0
0,1,0,0,0.6813179363580716,0.5,0.9974008513947646,0.5,0.0,0.0,1.0,0.0
0,1,0,0,0.5099622254909968,0.9887674144353872,0.5390148855514924,0.595472232842065,0.0,1.0,0.0,0.0
0,0,0,1,0.6434246283843958,0.5,0.5,0.9984413126053374,0.0,0.0,0.0,1.0
1,0,0,0,0.9925556695492064,0.52377941768818,0.7243920004767774,0.5,1.0,0.0,0.0,0.0
1,0,0,0,0.5835992239240217,0.5,0.9970357806011092,0.5,0.0,0.0,1.0,0.0
1,0,0,0,0.9913534803361936,0.5339198970994457,0.6188588022704289,0.5845633594927523,1.0,0.0,0.0,0.0
1,0,0,0,0.9556123479045554,0.5000953674304841,0.5402637351225669,0.8373184009858956,1.0,0.0,0.0,0.0
0,0,0,1,0.6626807198908335,0.5576541573584981,0.985440611366464,0.5,0.0,0.0,0.0,1.0
0,1,0,0,0.5041107931579626,0.9894077154032872,0.5565508824789117,0.5744311981357231,0.0,1.0,0.0,0.0
0,0,1,0,0.5728208054575503,0.5158661216994261,0.9959669322615196,0.5590858967317236,0.0,0.0,1.0,0.0
1,0,0,0,0.9945430601047722,0.5358891991730633,0.6480923520234466,0.5192250778060286,1.0,0.0,0.0,0.0
0,0,0,1,0.5878160764611812,0.6164453039203555,0.5,0.993493902814819,0.0,0.0,0.0,1.0
0,0,0,1,0.6868927091786268,0.5,0.5,0.9852083813068352,0.0,0.0,0.0,1.0
0,0,0,1,0.5706814228631597,0.6315677587715568,0.5,0.9930986722817454,0.0,0.0,0.0,1.0
0,1,0,0,0.5,0.9807742576435928,0.6833062739078951,0.5653622225823293,0.0,0.0,1.0,0.0
1,0,0,0,0.993111089753508,0.5,0.6363711678777171,0.5845456275932196,1.0,0.0,0.0,0.0
0,0,0,1,0.639757626014926,0.5,0.5,0.994184919090961,0.0,0.0,0.0,1.0
0,0,0,1,0.6614596253648273,0.6949124060250471,0.5,0.9678427464665318,0.0,0.0,0.0,1.0
0,1,0,0,0.5159775270450033,0.5,0.9960128776874289,0.6296640612213716,0.0,0.0,1.0,0.0
0,0,0,1,0.6498046759826227,0.5,0.5,0.9950056409246836,0.0,0.0,0.0,1.0
0,0,0,1,0.666152478383201,0.5,0.5184991370046208,0.9958797214054934,0.0,0.0,0.0,1.0
0,1,0,0,0.6162281928986213,0.5280250574547966,0.9946423378300292,0.5,0.0,0.0,1.0,0.0
0,0,0,1,0.6162183327250893,0.5,0.5,0.9982409643504908,0.0,0.0,0.0,1.0
0,0,0,1,0.6334755736020645,0.5,0.5,0.9974620173276748,0.0,0.0,0.0,1.0
0,1,0,0,0.5543721633219151,0.9770263924957872,0.6018070723927333,0.5457013693182459,0.0,1.0,0.0,0.0
1,0,0,0,0.9958887295854276,0.5409761352618195,0.5993867021257243,0.5287216638970823,1.0,0.0,0.0,0.0
1,0,0,0,0.9963987076155896,0.5417282841336172,0.6228444129076854,0.5,1.0,0.0,0.0,0.0
0,0,0,1,0.6098543734862942,0.5,0.5,0.9955713928047434,0.0,0.0,0.0,1.0
0,0,0,1,0.6533128618692358,0.5,0.5,0.99822930087323,0.0,0.0,0.0,1.0
0,0,0,1,0.6430953200033326,0.5,0.5,0.9978716935153652,0.0,0.0,0.0,1.0
0,0,1,0,0.7464996537891937,0.5180173105948291,0.9932046346839938,0.5,0.0,0.0,1.0,0.0
0,1,0,0,0.5209648236799738,0.9893772686506588,0.573522048077263,0.5429721994505337,0.0,1.0,0.0,0.0
1,0,0,0,0.992444296481134,0.5175660943641431,0.6283599454261352,0.6072627304884657,1.0,0.0,0.0,0.0
0,0,1,0,0.992113154945828,0.5,0.6183238501055505,0.6863804940086226,1.0,0.0,0.0,0.0
0,1,0,0,0.5677613016096278,0.9860801826237192,0.5833883346702939,0.5356883599624489,0.0,1.0,0.0,0.0
0,0,1,0,0.8067223751360452,0.5710458192472224,0.9123064848439116,0.5744144560273805,1.0,0.0,0.0,0.0
0,1,0,0,0.5,0.9926766772643412,0.5179758720651434,0.5990692113485514,0.0,1.0,0.0,0.0
0,0,1,0,0.6439736435726479,0.5007690334216313,0.9923569836475422,0.5,0.0,0.0,1.0,0.0
0,0,1,0,0.6515498213710947,0.5,0.99667841684767,0.5,0.0,0.0,1.0,0.0
0,0,1,0,0.6263951748776527,0.5,0.9971402084870932,0.5,0.0,0.0,1.0,0.0
1,0,0,0,0.5,0.9929695146600748,0.5655465692436217,0.5650155588813938,0.0,1.0,0.0,0.0
0,0,1,0,0.9937900856220416,0.532986936200363,0.5742314692581404,0.6147736885406105,1.0,0.0,0.0,0.0
0,1,0,0,0.5032119104271299,0.9916529566720272,0.5195669167900224,0.5938662085140586,0.0,1.0,0.0,0.0
1,0,0,0,0.9976531963754433,0.5,0.6649530943209391,0.6835979629988348,1.0,0.0,0.0,0.0
1,0,0,0,0.9921549707343028,0.5941773175961726,0.7724158661043357,0.7365298436564786,1.0,0.0,0.0,0.0
0,1,0,0,0.9878758731146972,0.5295956220645582,0.5808034895650558,0.6240182485910923,1.0,0.0,0.0,0.0
0,1,0,0,0.5238908722527237,0.9892410664323094,0.5434206083104407,0.5689755432755793,0.0,1.0,0.0,0.0
0,0,1,0,0.6001385055790388,0.543026297372262,0.9972300040410664,0.5,0.0,0.0,1.0,0.0
0,1,0,0,0.5,0.9959744755780184,0.5026250240423039,0.5754440025120209,0.0,1.0,0.0,0.0
1,0,0,0,0.5323949289605552,0.626104000954006,0.6158964467798569,0.9847354099492568,0.0,0.0,1.0,0.0
0,0,0,1,0.6753801854278217,0.5,0.5,0.9955957365958328,0.0,0.0,0.0,1.0
0,0,0,1,0.5754305545381799,0.5749622669279916,0.5241506671849551,0.9949097365948232,0.0,0.0,0.0,1.0
0,0,1,0,0.998677314575225,0.5,0.67545270767086,0.5280080566216139,1.0,0.0,0.0,0.0
0,0,1,0,0.9525938983786292,0.5271512694893596,0.9285610961495382,0.5,1.0,0.0,0.0,0.0
1,0,0,0,0.9611148284862734,0.516336904513893,0.8340756120843125,0.6428152276093685,1.0,0.0,0.0,0.0
0,0,1,0,0.6395056930735589,0.5298195531588984,0.9946930455956682,0.5,0.0,0.0,1.0,0.0
1,0,0,0,0.5394157638492847,0.9834681953215678,0.5629275947360509,0.5830334399687211,0.0,1.0,0.0,0.0
0,1,0,0,0.520698407145921,0.9941216294019768,0.5347993406424206,0.5675356147877598,0.0,1.0,0.0,0.0
0,1,0,0,0.542315829575727,0.5352599137953356,0.5604813047814069,0.9930727078789728,0.0,0.0,0.0,1.0
0,1,0,0,0.5,0.9881856159315864,0.5180254062958957,0.6419961612556555,0.0,1.0,0.0,0.0
0,1,0,0,0.5260108436765919,0.9798828426605444,0.5587135631503176,0.6129933428011792,0.0,1.0,0.0,0.0
0,0,0,1,0.5271270725837914,0.5348082380195388,0.5307254886537903,0.9965950777718816,0.0,0.0,0.0,1.0
0,0,1,0,0.6765392167134591,0.5,0.9980474791223264,0.5,0.0,0.0,1.0,0.0
0,1,0,0,0.5557646467556979,0.9820415875701596,0.6261989344534413,0.5093403841615839,0.0,1.0,0.0,0.0
0,1,0,0,0.5177752592923579,0.989406226105681,0.5347573892110268,0.6043247197423163,0.0,1.0,0.0,0.0
0,0,0,1,0.5911442961113076,0.5,0.5078062926043305,0.995307003043065,0.0,0.0,0.0,1.0
0,1,0,0,0.526041776404444,0.9894283592923456,0.581406058944037,0.5202883931757741,0.0,1.0,0.0,0.0
0,0,1,0,0.6412789841986445,0.5049511661988214,0.9952600466240874,0.5,0.0,0.0,1.0,0.0
0,0,0,1,0.604227399915327,0.5032847051148654,0.5,0.9959839679347884,0.0,0.0,0.0,1.0
0,1,0,0,0.5049860221604888,0.5844922641113132,0.9928197706009758,0.6467691400700362,0.0,0.0,1.0,0.0
0,1,0,0,0.6321223189707519,0.5,0.9956131151112376,0.5575942931132049,0.0,0.0,1.0,0.0
0,1,0,0,0.551410436619317,0.9739709209648032,0.7683039357723451,0.5,0.0,1.0,0.0,0.0
1,0,0,0,0.9726862900764816,0.5,0.8863428048976422,0.7782139388432807,1.0,0.0,0.0,0.0
0,0,0,1,0.5,0.5066723885639343,0.8756762018723614,0.9825942845145186,0.0,0.0,0.0,1.0
1,0,0,0,0.9964701636957078,0.5307370305401778,0.6534264300150046,0.5,1.0,0.0,0.0,0.0
0,1,0,0,0.5005757228720941,0.994875490703251,0.5019065645318967,0.6020660443672863,0.0,1.0,0.0,0.0
0,1,0,0,0.5005172247084821,0.5395525031157297,0.9955577865075788,0.6182306541008528,0.0,0.0,1.0,0.0
1,0,0,0,0.5,0.9934723539308414,0.7085832062770658,0.6867558475486789,0.0,1.0,0.0,0.0
0,0,0,1,0.634353894243513,0.5,0.5,0.9972006108929052,0.0,0.0,0.0,1.0
1,0,0,0,0.9529599081921596,0.5034647923427306,0.8620069603418359,0.6139476440315221,1.0,0.0,0.0,0.0
0,0,1,0,0.5957285090863457,0.5,0.9983659365133484,0.5,0.0,0.0,1.0,0.0
1,0,0,0,0.9881175615156856,0.5,0.8250604386841773,0.5328022864800007,1.0,0.0,0.0,0.0
1,0,0,0,0.9841308932552628,0.5298955008082966,0.7620505246989364,0.5507104922966438,1.0,0.0,0.0,0.0
0,1,0,0,0.5,0.98928491769588,0.5242371442884292,0.628379919113381,0.0,1.0,0.0,0.0
0,0,1,0,0.5,0.9935835478475308,0.5366231134357262,0.6013138427467649,0.0,1.0,0.0,0.0
0,0,0,1,0.6190959158128181,0.5075222240317484,0.5,0.9938146208918144,0.0,0.0,0.0,1.0
0,1,0,0,0.6838207847473015,0.5,0.9977712264708626,0.5,0.0,0.0,1.0,0.0
0,1,0,0,0.5,0.995882741303763,0.5251562201639222,0.5946582748403816,0.0,1.0,0.0,0.0
0,1,0,0,0.5456328785883451,0.9859654350093912,0.5811363070132851,0.5653556389613954,0.0,1.0,0.0,0.0
0,1,0,0,0.5442682710412494,0.987567611498549,0.5752735464650189,0.5423978265645394,0.0,1.0,0.0,0.0
0,0,0,1,0.6514202799501658,0.5072196025341063,0.7562002372874739,0.9274769647132588,0.0,0.0,0.0,1.0
0,1,0,0,0.990298768805476,0.5,0.8141598231388736,0.515410167969116,1.0,0.0,0.0,0.0
1,0,0,0,0.9925990599311116,0.5,0.6391023196093404,0.6349868714863196,1.0,0.0,0.0,0.0
0,0,1,0,0.866475422417826,0.5,0.8932021736344234,0.8494531003026399,0.0,0.0,1.0,0.0
0,1,0,0,0.5,0.995988028443576,0.5327051694768856,0.5905328509148876,0.0,1.0,0.0,0.0
0,0,1,0,0.6051463912905307,0.5,0.9976007732709726,0.5,0.0,0.0,1.0,0.0
0,1,0,0,0.5535447583908821,0.9841617608621988,0.5670479695548946,0.5696687854379466,0.0,1.0,0.0,0.0
1,0,0,0,0.9880044494671716,0.520848249310655,0.6424327651606906,0.6150172452777004,1.0,0.0,0.0,0.0
0,0,1,0,0.661715499542409,0.5037418203362877,0.9906558229397904,0.6284594058657162,0.0,0.0,1.0,0.0
0,0,0,1,0.6506957515917684,0.5,0.5,0.996871148734009,0.0,0.0,0.0,1.0
0,0,1,0,0.522960118523224,0.9740241844842648,0.5488742956135977,0.6406980418232067,0.0,1.0,0.0,0.0
1,0,0,0,0.9866683871418214,0.5,0.7893148651540992,0.5206689328821645,1.0,0.0,0.0,0.0
0,1,0,0,0.9927143823205004,0.5412672955323146,0.633640881696302,0.5447968651572086,1.0,0.0,0.0,0.0
1,0,0,0,0.9720533996238068,0.5200709079375962,0.885306025421358,0.5,1.0,0.0,0.0,0.0
0,0,1,0,0.6175974157486578,0.5333220362642898,0.998804429259118,0.5,0.0,0.0,1.0,0.0
0,1,0,0,0.6499563555404193,0.9421622036902354,0.8564091946711846,0.5,0.0,1.0,0.0,0.0
0,0,0,1,0.7767256822745765,0.5,0.5,0.9935243053872284,0.0,0.0,0.0,1.0
1,0,0,0,0.9947589487948508,0.5491012238713884,0.6214764966850033,0.5158659132932297,1.0,0.0,0.0,0.0
0,0,0,1,0.5161227976303684,0.5,0.6011948850782209,0.9965317395804022,0.0,0.0,0.0,1.0
0,0,0,1,0.6918563337992533,0.5,0.5,0.9937294021828026,0.0,0.0,0.0,1.0
0,0,0,1,0.6060384695633374,0.5,0.5,0.9989323723413028,0.0,0.0,0.0,1.0
0,0,0,1,0.6032847761592822,0.5,0.5,0.9990118066258442,0.0,0.0,0.0,1.0
0,0,0,1,0.7403684742886494,0.5076599684100175,0.5,0.9806434043002574,0.0,0.0,0.0,1.0
0,0,0,1,0.6218602268732669,0.5092127922009448,0.5203223564209308,0.9894718328388415,0.0,0.0,0.0,1.0
0,1,0,0,0.7049127826132434,0.5,0.9952689237578968,0.5,0.0,0.0,1.0,0.0
1,0,0,0,0.997578691158885,0.5046773678534023,0.5392798331557968,0.6528520927695303,1.0,0.0,0.0,0.0
0,0,0,1,0.5908934638005958,0.5,0.5,0.9985194390671498,0.0,0.0,0.0,1.0
0,1,0,0,0.502010627056563,0.988970914863674,0.5740821722546396,0.5461135405021396,0.0,1.0,0.0,0.0
1,0,0,0,0.97958910119869,0.53882800202911,0.5945824358856285,0.7166940609730055,1.0,0.0,0.0,0.0
0,0,1,0,0.6004537767299113,0.5298749883976659,0.9957418136901856,0.5081103407974821,0.0,0.0,1.0,0.0
0,0,1,0,0.5743556533018889,0.5735263853148234,0.9949240223125524,0.5,0.0,0.0,1.0,0.0
1,0,0,0,0.9953798131916192,0.544305867404116,0.6202623511702909,0.5125783884700196,1.0,0.0,0.0,0.0
0,0,0,1,0.5,0.5721423603672366,0.7809395237886917,0.9902273434081896,0.0,0.0,0.0,1.0
0,0,0,1,0.7791458036765055,0.5,0.5,0.9978771823400764,0.0,0.0,0.0,1.0
0,0,1,0,0.6089871615710968,0.5648796459434434,0.994493802740592,0.5,0.0,0.0,1.0,0.0
0,1,0,0,0.6955185422476872,0.5,0.994813363475439,0.5,0.0,0.0,1.0,0.0
0,1,0,0,0.6095091180278345,0.5759017420731469,0.9919476693519192,0.5,0.0,0.0,1.0,0.0
1,0,0,0,0.5041723307312241,0.9942618015481514,0.5184058042121531,0.5747948778793583,0.0,1.0,0.0,0.0
0,0,1,0,0.697936460701797,0.5,0.9972562530875914,0.5,0.0,0.0,1.0,0.0
0,0,0,1,0.5783822933419365,0.5343225276145535,0.5,0.992508201958661,0.0,0.0,0.0,1.0
1,0,0,0,0.9879750497251076,0.5418294446637285,0.6804135959381871,0.5633260057334425,1.0,0.0,0.0,0.0
1,0,0,0,0.989755116931353,0.5000430345534216,0.5242735364877431,0.7488084237660766,1.0,0.0,0.0,0.0
0,1,0,0,0.5201913949459096,0.9891106380768456,0.5759971945671074,0.5414270461621538,0.0,1.0,0.0,0.0
0,0,0,1,0.6928960127811546,0.5,0.5268462777880614,0.9830762195715836,0.0,0.0,0.0,1.0
0,1,0,0,0.5021797261881952,0.9934160162695752,0.6293462174073757,0.5,0.0,1.0,0.0,0.0
1,0,0,0,0.9953025842511242,0.5553098596043836,0.6060419063342575,0.6008798957758481,1.0,0.0,0.0,0.0
0,0,1,0,0.8374434292401853,0.6557486193275887,0.6624125543141133,0.7884709254531554,0.0,0.0,1.0,0.0
0,1,0,0,0.6823715904303402,0.5184088994529389,0.5,0.994748952942825,0.0,0.0,0.0,1.0
0,0,1,0,0.5592379130658783,0.5874450097955811,0.9950579690413994,0.5021601408433396,0.0,0.0,1.0,0.0
1,0,0,0,0.9962174418401304,0.5415186127559727,0.6369649555911387,0.5,1.0,0.0,0.0,0.0
0,1,0,0,0.5,0.985011822248346,0.54484047777392,0.6230975017967788,0.0,1.0,0.0,0.0
1,0,0,0,0.9820394093913384,0.5,0.5,0.8228671154736704,1.0,0.0,0.0,0.0
0,1,0,0,0.9427936320938928,0.5130346530478487,0.9378786283571776,0.5366633231573802,0.0,0.0,1.0,0.0
0,0,0,1,0.625610466787415,0.5047854660968939,0.5,0.9927773741695574,0.0,0.0,0.0,1.0
0,0,1,0,0.7891398242301562,0.5,0.9928294654613008,0.5,0.0,0.0,1.0,0.0
1,0,0,0,0.5,0.9912767319951116,0.5560247186597386,0.5913615929280572,0.0,1.0,0.0,0.0
0,1,0,0,0.6523291809308401,0.5153803194657812,0.9924237949385968,0.5,0.0,0.0,1.0,0.0
0,1,0,0,0.5,0.9930561423673712,0.602854297528067,0.5511303504612005,0.0,1.0,0.0,0.0
0,0,1,0,0.6233127103249166,0.5240313629770992,0.9967559381103742,0.5,0.0,0.0,1.0,0.0
0,0,0,1,0.5685460999741612,0.52504709157853,0.5162129688947773,0.9950761601921052,0.0,0.0,0.0,1.0
1,0,0,0,0.5,0.7872929365537623,0.905396270245282,0.5762890340760174,0.0,0.0,1.0,0.0
1,0,0,0,0.9683290900627988,0.5884061383688098,0.6118804974426312,0.7121043102721566,1.0,0.0,0.0,0.0
0,0,1,0,0.5,0.9900037485504144,0.5581877519625495,0.7124646067161635,0.0,1.0,0.0,0.0
0,0,1,0,0.65240098553101,0.614651394480969,0.9850276535605748,0.5,0.0,0.0,1.0,0.0
1,0,0,0,0.7797944051666281,0.6943019880098706,0.7753601634324405,0.731760200433786,1.0,0.0,0.0,0.0
0,0,0,1,0.640944726060974,0.5,0.5,0.9965060707978056,0.0,0.0,0.0,1.0
1,0,0,0,0.5017026056850642,0.5,0.9371849148286197,0.9729711934957416,1.0,0.0,0.0,0.0
0,0,1,0,0.5289522182098169,0.6142797508589282,0.9953296800922544,0.5,0.0,0.0,1.0,0.0
0,1,0,0,0.5235263990802791,0.990713636391488,0.6117395106114524,0.5044316457487914,0.0,1.0,0.0,0.0
0,1,0,0,0.5298640324424568,0.9900741116946464,0.537028071517035,0.5797784944160641,0.0,1.0,0.0,0.0
0,0,0,1,0.6639329769443717,0.5,0.5,0.9976120467339517,0.0,0.0,0.0,1.0
0,1,0,0,0.5186301515510485,0.9918557278376168,0.5243319819986189,0.5833395209392673,0.0,1.0,0.0,0.0
0,0,0,1,0.6511300974521732,0.5,0.5,0.9956422318571152,0.0,0.0,0.0,1.0
0,0,0,1,0.57153205020692,0.5234189513002158,0.6515908228164424,0.9850629717724354,0.0,0.0,0.0,1.0
0,0,1,0,0.6340317614172799,0.9354083228619196,0.7614032296756481,0.5,0.0,1.0,0.0,0.0
1,0,0,0,0.9954585965670234,0.5,0.6444753289985435,0.5879147517701264,1.0,0.0,0.0,0.0
1,0,0,0,0.9730765923772224,0.518174795576666,0.8738025420140739,0.5107777930128036,1.0,0.0,0.0,0.0
0,1,0,0,0.5290439567982422,0.9900521898399416,0.5354559146201802,0.5687180358976418,0.0,1.0,0.0,0.0
1,0,0,0,0.9940460446010908,0.5251457116998102,0.6775844878485505,0.5042063123062284,1.0,0.0,0.0,0.0
0,1,0,0,0.876911390676627,0.5,0.953942429385924,0.6236917122463932,0.0,0.0,1.0,0.0
0,1,0,0,0.5763718165716123,0.5474931204654876,0.9906651407375336,0.5,0.0,0.0,1.0,0.0
0,0,0,1,0.5781764864649157,0.5,0.5,0.9966406002339382,0.0,0.0,0.0,1.0
0,1,0,0,0.992396181749954,0.5097903760092234,0.7428719663908185,0.5,1.0,0.0,0.0,0.0
1,0,0,0,0.7057118370042257,0.8554203640309289,0.7307498355369356,0.5461253821691785,1.0,0.0,0.0,0.0
0,0,1,0,0.8313033642351543,0.5222749097433066,0.975497447463401,0.5410152394690916,0.0,0.0,1.0,0.0
0,0,0,1,0.5,0.9886501810523052,0.5504572211238485,0.6027634045079573,0.0,1.0,0.0,0.0
1,0,0,0,0.994678024952808,0.5,0.5685184951155274,0.8034683510875021,1.0,0.0,0.0,0.0
0,0,1,0,0.5,0.5821875331196203,0.9937595717698678,0.5852163050050517,0.0,0.0,1.0,0.0
0,1,0,0,0.6673576691307721,0.5456056443618071,0.9911367874383676,0.5,0.0,0.0,1.0,0.0
0,0,0,1,0.5461785028167083,0.5,0.5,0.9992846806572973,0.0,0.0,0.0,1.0
0,0,0,1,0.5628011478658198,0.5719569284809055,0.9941464748682292,0.5,0.0,0.0,1.0,0.0
1,0,0,0,0.5,0.9835176464436112,0.6562515110912448,0.5356562112699828,0.0,1.0,0.0,0.0
0,1,0,0,0.5,0.5642607766691287,0.583578728078375,0.9927230301170016,0.0,0.0,0.0,1.0
0,0,1,0,0.6338529713064184,0.5,0.9979906812565874,0.5,0.0,0.0,1.0,0.0
0,1,0,0,0.667874708414484,0.5523549845830951,0.9862031239342416,0.5105120916907138,0.0,0.0,1.0,0.0
0,1,0,0,0.7116723971667979,0.8370341292061614,0.5748057453597183,0.8818768024607905,0.0,0.0,1.0,0.0
0,0,1,0,0.995356031900757,0.5,0.7302154198306181,0.6393668546239151,1.0,0.0,0.0,0.0
0,1,0,0,0.666071587355567,0.5,0.9955490475171762,0.5,0.0,0.0,1.0,0.0
0,1,0,0,0.5,0.993286884296508,0.5373911725195994,0.5742146231064347,0.0,1.0,0.0,0.0
0,0,0,1,0.5863320680080402,0.5,0.5,0.9982587337187252,0.0,0.0,0.0,1.0
0,0,1,0,0.5394674156805754,0.7736231435236145,0.9596817192859604,0.6100619191885482,0.0,0.0,1.0,0.0
0,1,0,0,0.5243333143522723,0.9785933166017492,0.5307072739314981,0.656553685660985,0.0,1.0,0.0,0.0
0,0,0,1,0.6242748556541824,0.5,0.5254527666374129,0.992659050094482,0.0,0.0,0.0,1.0
1,0,0,0,0.7420339620874602,0.5,0.9986098340444288,0.5,0.0,0.0,1.0,0.0
0,0,0,1,0.629623947691298,0.5,0.5,0.9926698347694338,0.0,0.0,0.0,1.0
1,0,0,0,0.9922935633431909,0.5328600614237625,0.6742924952921534,0.5193060644107781,1.0,0.0,0.0,0.0
0,0,0,1,0.6012713454578497,0.5,0.5,0.996676582017275,0.0,0.0,0.0,1.0
1,0,0,0,0.8356833088661348,0.5929595625115993,0.8263820805646132,0.7357835667703526,0.0,0.0,1.0,0.0
1,0,0,0,0.8714337039458825,0.5648098361529973,0.9729019934036682,0.5,0.0,0.0,1.0,0.0
0,1,0,0,0.5,0.99483428115347,0.5908051065328852,0.5803736702909037,0.0,1.0,0.0,0.0
1,0,0,0,0.9906023506417188,0.5465851647681612,0.6254775373026478,0.5593832339114562,1.0,0.0,0.0,0.0
0,1,0,0,0.5,0.98269719707,0.6374048084209643,0.6298709941308701,0.0,1.0,0.0,0.0
0,0,1,0,0.5,0.9890868845882153,0.5678214707522156,0.5938231732592335,0.0,0.0,1.0,0.0
0,1,0,0,0.991690094318186,0.5314646072166941,0.6031055114967828,0.6385433504031512,1.0,0.0,0.0,0.0
0,1,0,0,0.6161952994384866,0.5317317272140208,0.9953184863256024,0.5,0.0,0.0,1.0,0.0
1,0,0,0,0.945148107834877,0.5189702751476007,0.5,0.8928379181359698,1.0,0.0,0.0,0.0
1,0,0,0,0.9780239997274762,0.5139454784261248,0.8717165823110306,0.5,1.0,0.0,0.0,0.0
0,1,0,0,0.9612922202426591,0.5233259482019783,0.9138043457525415,0.5,0.0,0.0,1.0,0.0
1,0,0,0,0.5919838132634763,0.6155441683590167,0.894465636461781,0.8606149319982273,1.0,0.0,0.0,0.0
0,0,0,1,0.6089990979578324,0.5712123787879408,0.5790705673101704,0.9678622636545392,0.0,0.0,0.0,1.0
0,0,0,1,0.641454293845601,0.5,0.5,0.9977109000281282,0.0,0.0,0.0,1.0
0,0,0,1,0.5314492715341368,0.6256439160718218,0.8707969194473927,0.8504429528827713,0.0,0.0,0.0,1.0
0,0,0,1,0.6211797331038177,0.5,0.5,0.9980996950028423,0.0,0.0,0.0,1.0
0,1,0,0,0.5121216617422399,0.9875892429206904,0.5489701668575372,0.5760215844849862,0.0,1.0,0.0,0.0
0,0,1,0,0.6440401788501291,0.5,0.9990181609122348,0.5,0.0,0.0,1.0,0.0
0,0,0,1,0.6024699410814791,0.5,0.5,0.9983205827666544,0.0,0.0,0.0,1.0
1,0,0,0,0.8942472646384628,0.6300211678104107,0.5,0.9413386299063176,1.0,0.0,0.0,0.0
0,0,0,1,0.6532638006444565,0.5,0.5,0.9985089237104576,0.0,0.0,0.0,1.0
0,0,0,1,0.6121911558263328,0.5,0.5012251412191583,0.9961252293241748,0.0,0.0,0.0,1.0
0,1,0,0,0.9870211804838128,0.5246249576397183,0.6482593355986236,0.6566365538286557,1.0,0.0,0.0,0.0
0,1,0,0,0.615421662583527,0.9337577955506412,0.5969468593596202,0.7414338016165772,0.0,0.0,0.0,1.0
0,0,0,1,0.6130573180014419,0.5,0.5,0.9950030502814632,0.0,0.0,0.0,1.0
0,0,1,0,0.7192606619379723,0.5,0.9974871611819346,0.5,0.0,0.0,1.0,0.0
0,0,1,0,0.5544009725040175,0.6028336763236799,0.9972090414770048,0.5,0.0,0.0,1.0,0.0
0,0,1,0,0.5883195165385778,0.5,0.9940493456224384,0.5271606221005509,0.0,0.0,1.0,0.0
0,1,0,0,0.5,0.995929324904354,0.5,0.6011995867373221,0.0,1.0,0.0,0.0
1,0,0,0,0.9763260131813006,0.5259743546154134,0.5129587978198303,0.7412656550978901,1.0,0.0,0.0,0.0
0,0,1,0,0.5204432810801337,0.9790347511013396,0.5594817455658565,0.6103427854535814,0.0,1.0,0.0,0.0
0,0,0,1,0.558813550223462,0.5094442458458219,0.5,0.9974313026208596,0.0,0.0,0.0,1.0
1,0,0,0,0.9936006857041826,0.5457916311041993,0.6517755720942918,0.5047518744847951,1.0,0.0,0.0,0.0
1,0,0,0,0.5022797854953344,0.9924838434440136,0.517258899967927,0.5903827926008712,0.0,1.0,0.0,0.0
0,0,1,0,0.5749125807865029,0.9854621118489764,0.5841154064529582,0.533982897952292,0.0,1.0,0.0,0.0
1,0,0,0,0.8797828347184632,0.5,0.9730613849077588,0.5934884526070245,0.0,0.0,1.0,0.0
1,0,0,0,0.977207519521304,0.5113959540947051,0.7466673877959517,0.6593410338257795,1.0,0.0,0.0,0.0
0,0,0,1,0.6521264091032272,0.5,0.5,0.9969897338126787,0.0,0.0,0.0,1.0
0,0,1,0,0.5,0.6606019451103678,0.988004907214701,0.7389582523353387,0.0,0.0,1.0,0.0
0,1,0,0,0.6830947413865414,0.5,0.9974652106031876,0.5,0.0,0.0,1.0,0.0
1,0,0,0,0.9908006316361512,0.5379654987043908,0.6363500785957883,0.5843827444326156,1.0,0.0,0.0,0.0
0,0,0,1,0.5,0.619352238190538,0.5477336665597244,0.992767756611618,0.0,0.0,0.0,1.0
0,0,0,1,0.615817346666661,0.5,0.5,0.9978675069787052,0.0,0.0,0.0,1.0
1,0,0,0,0.606184967730805,0.5,0.9979878632989644,0.5,0.0,0.0,1.0,0.0
1,0,0,0,0.5,0.9897528490242398,0.5978070605354339,0.594960443543197,0.0,1.0,0.0,0.0
0,0,1,0,0.6527854249675328,0.5,0.9976408410306512,0.5,0.0,0.0,1.0,0.0
0,1,0,0,0.99803803227188,0.5,0.7524228691680342,0.9184924714127732,1.0,0.0,0.0,0.0
0,0,1,0,0.5,0.9889552278029612,0.5660959791498581,0.582933229466369,0.0,1.0,0.0,0.0
0,0,0,1,0.5,0.9713160737850453,0.5528394835225675,0.738042968430899,0.0,0.0,0.0,1.0
0,1,0,0,0.5,0.990531797482385,0.5488118799484203,0.593705129800537,0.0,1.0,0.0,0.0
0,0,1,0,0.9382414633045468,0.5093541405746013,0.9596576165234209,0.5,0.0,0.0,1.0,0.0
0,0,1,0,0.700891860785834,0.5058980530448565,0.9865246584110966,0.596219955004496,0.0,0.0,1.0,0.0
0,1,0,0,0.5,0.9945933666259824,0.5688753661471888,0.5819217147104777,0.0,1.0,0.0,0.0
0,0,1,0,0.6243647746703034,0.5403535233014413,0.9936432036278312,0.5,0.0,0.0,1.0,0.0
1,0,0,0,0.9902552258389044,0.5593561803079004,0.7025583074479544,0.5793754177711462,1.0,0.0,0.0,0.0
0,1,0,0,0.5205226118902082,0.9927819236239396,0.524560576839501,0.5754315301935315,0.0,1.0,0.0,0.0
0,0,1,0,0.544721286065786,0.9755655800591996,0.5555019760826543,0.6111901215369708,0.0,1.0,0.0,0.0
0,0,1,0,0.6558466748718809,0.7105059762227105,0.980763033295886,0.5,0.0,0.0,1.0,0.0
0,0,0,1,0.67690839470044,0.5,0.5,0.9917871029302344,0.0,0.0,0.0,1.0
0,0,0,1,0.7415163401637873,0.5562292274547882,0.8793027981740159,0.7757793907525813,0.0,0.0,0.0,1.0
0,0,0,1,0.646178869460151,0.5,0.5,0.9991453246682668,0.0,0.0,0.0,1.0
0,1,0,0,0.5351370324223953,0.9881703192270996,0.5928947084036051,0.518135024726627,0.0,1.0,0.0,0.0
1,0,0,0,0.9955428756099066,0.5539227208785674,0.6806697691530057,0.5,1.0,0.0,0.0,0.0
1,0,0,0,0.6822040623577108,0.5,0.9959492090669468,0.5,0.0,0.0,1.0,0.0
0,1,0,0,0.5,0.9943796678015004,0.5764538744189597,0.5404372245470617,0.0,1.0,0.0,0.0
0,1,0,0,0.539302576298102,0.987261265987304,0.733894834907724,0.5,0.0,1.0,0.0,0.0
1,0,0,0,0.9898019064370612,0.5287806481792103,0.7238464221230497,0.5,1.0,0.0,0.0,0.0
0,1,0,0,0.5605551595760137,0.5922332508760678,0.9970797092300984,0.5,0.0,0.0,1.0,0.0
0,1,0,0,0.5,0.9880998511169672,0.5398077589737416,0.6239407438142023,0.0,1.0,0.0,0.0
0,0,1,0,0.9905046808709258,0.5,0.8243251411387873,0.6923333723763299,1.0,0.0,0.0,0.0
1,0,0,0,0.990805910824628,0.5309118545453683,0.6755552044816816,0.5345890224545458,1.0,0.0,0.0,0.0
0,0,1,0,0.5,0.9730682524202824,0.5735254231051139,0.6442572646112078,0.0,1.0,0.0,0.0
0,1,0,0,0.6437316017865539,0.6215575031063485,0.5095692511825021,0.958574628140222,1.0,0.0,0.0,0.0
1,0,0,0,0.5334735279893946,0.9885360297023384,0.5546023099790096,0.5632221657144704,0.0,1.0,0.0,0.0
1,0,0,0,0.9951040027967512,0.5,0.6946326327343654,0.5620049412233191,1.0,0.0,0.0,0.0
0,0,1,0,0.721928733379569,0.5609545602751037,0.9916356235482064,0.5,0.0,0.0,1.0,0.0
0,1,0,0,0.6897199742156375,0.5,0.9992072119824892,0.5,0.0,0.0,1.0,0.0
0,1,0,0,0.5,0.9967476137142494,0.5494223330532589,0.5798752936718159,0.0,1.0,0.0,0.0
1,0,0,0,0.6001595886972447,0.5,0.9975456718067256,0.5,0.0,0.0,1.0,0.0
0,0,1,0,0.6479935992316471,0.5229237637470705,0.9943736738836122,0.5,0.0,0.0,1.0,0.0
1,0,0,0,0.6828831718689583,0.5226280243868655,0.9954263788693845,0.5,0.0,0.0,1.0,0.0
0,0,0,1,0.6719384621895027,0.5,0.5,0.995426179142426,0.0,0.0,0.0,1.0
1,0,0,0,0.9936388107873084,0.5329275460118299,0.6743283098788488,0.5045597555741205,1.0,0.0,0.0,0.0
0,1,0,0,0.5,0.991137767575651,0.5486383507262746,0.5758520847385505,0.0,1.0,0.0,0.0
0,0,1,0,0.986764311695445,0.5589087642260098,0.6805393312701442,0.6307206827774956,1.0,0.0,0.0,0.0
0,1,0,0,0.6047828370076855,0.5753922778043565,0.9914746700658718,0.5,0.0,0.0,1.0,0.0
0,0,0,1,0.5717345747254889,0.5,0.5,0.9987780955016032,0.0,0.0,0.0,1.0
0,0,1,0,0.5522659593324598,0.5382050228570062,0.9944493593019872,0.5286197631893224,0.0,0.0,1.0,0.0
0,0,0,1,0.5347475500536607,0.5975851827802916,0.5232727030138258,0.9927917272258036,0.0,0.0,0.0,1.0
0,0,1,0,0.9929192046291216,0.5,0.7454820977042813,0.6561421335191816,1.0,0.0,0.0,0.0
0,0,0,1,0.645707270013428,0.5,0.5,0.9992412008802856,0.0,0.0,0.0,1.0
1,0,0,0,0.9746009943430172,0.5,0.6793123783524858,0.8836681894756402,1.0,0.0,0.0,0.0
1,0,0,0,0.527533193681144,0.5721607229754354,0.99447335408436,0.5214279691253838,0.0,0.0,1.0,0.0
0,0,1,0,0.9899463453226716,0.5774695362443287,0.6805484668591388,0.6372863831319959,1.0,0.0,0.0,0.0
0,1,0,0,0.5321527552296762,0.5,0.9959220885335998,0.6726397440237263,0.0,0.0,1.0,0.0
1,0,0,0,0.9892357972408752,0.518445997589457,0.6838123951753207,0.5666651101281603,1.0,0.0,0.0,0.0
0,1,0,0,0.5307792694815676,0.989353030753872,0.5469785531704183,0.5687691821780773,0.0,1.0,0.0,0.0
0,0,0,1,0.5585844134827066,0.5010648502701489,0.5,0.998300401735816,0.0,0.0,0.0,1.0
0,0,1,0,0.5,0.9932532468274102,0.5377026138152065,0.5775407465984396,0.0,1.0,0.0,0.0
0,0,0,1,0.6516881212198593,0.5,0.9988184817481516,0.5,0.0,0.0,1.0,0.0
1,0,0,0,0.9045026077645794,0.667087290039541,0.7612132281169418,0.6045337626551985,0.0,0.0,1.0,0.0
1,0,0,0,0.988578043462693,0.5597480447524685,0.6473062077309067,0.5227104740439946,1.0,0.0,0.0,0.0
0,0,0,1,0.6916812266576174,0.7268797718571092,0.9289857453860406,0.7155970828153964,0.0,0.0,0.0,1.0
1,0,0,0,0.9957995795213614,0.5024928542052569,0.6374544274629806,0.5743614819400471,1.0,0.0,0.0,0.0
1,0,0,0,0.991354371329152,0.5287177578216127,0.6219142922220405,0.5955497198752094,1.0,0.0,0.0,0.0
0,0,1,0,0.7749016852112611,0.5,0.5,0.9783150625823044,1.0,0.0,0.0,0.0
0,0,1,0,0.596874600352547,0.5405532389309993,0.995633753618446,0.5,0.0,0.0,1.0,0.0
1,0,0,0,0.5133062151033881,0.5549925287773565,0.9907581719907682,0.5780831786876812,0.0,0.0,1.0,0.0
0,0,1,0,0.6277276598710543,0.8686395034588895,0.5250155059717615,0.8484215644332349,0.0,0.0,1.0,0.0
0,1,0,0,0.8022878304530864,0.5599201780636588,0.5063530959706611,0.9380889078376056,0.0,0.0,0.0,1.0
0,0,1,0,0.993878675194309,0.5025349489214737,0.6744560529252481,0.6464147669965878,1.0,0.0,0.0,0.0
0,0,0,1,0.6832490797462423,0.5,0.5,0.9957745864449172,0.0,0.0,0.0,1.0
0,1,0,0,0.5565096116536049,0.964333874480698,0.55515214188406,0.6327763828482065,0.0,1.0,0.0,0.0
1,0,0,0,0.99467518951418,0.6065796208122315,0.5300168508442399,0.5908495812889629,1.0,0.0,0.0,0.0
0,0,0,1,0.6000256459471712,0.5,0.5998179579196435,0.9946341647172028,0.0,0.0,0.0,1.0
1,0,0,0,0.9612286685090464,0.5139397310504544,0.5714224367296967,0.7933552027381621,1.0,0.0,0.0,0.0
0,1,0,0,0.7376032399376399,0.5127727906571771,0.990679126598092,0.5,0.0,0.0,1.0,0.0
0,0,1,0,0.5,0.9896248934639058,0.5371544567172527,0.6094326153485854,0.0,1.0,0.0,0.0
1,0,0,0,0.9909952947805832,0.5307991037996199,0.66071515386673,0.622523118383588,1.0,0.0,0.0,0.0
0,0,0,1,0.7034751933592147,0.5,0.984066401124398,0.6909058517650886,0.0,0.0,0.0,1.0
1,0,0,0,0.9947223146773222,0.5331226785104319,0.6862334618989547,0.5,1.0,0.0,0.0,0.0
0,1,0,0,0.5806899362196676,0.9832748182459484,0.5936307657045293,0.53361685125063,0.0,1.0,0.0,0.0
0,1,0,0,0.5102370099454442,0.9789894364299524,0.7308829451347394,0.5193743212106953,0.0,1.0,0.0,0.0
1,0,0,0,0.9979414258727984,0.5,0.6237554870093135,0.6663428955878985,1.0,0.0,0.0,0.0
0,0,1,0,0.6834524072888405,0.5158663003333044,0.991329880910714,0.5186901140103221,0.0,0.0,1.0,0.0
0,0,1,0,0.5651730020381308,0.580854360488039,0.9964631930461748,0.5,0.0,0.0,1.0,0.0
1,0,0,0,0.9954837012172842,0.5322173437968154,0.6241114780594256,0.5247546309576685,1.0,0.0,0.0,0.0
0,1,0,0,0.5,0.997480798260117,0.5,0.5887392864606799,0.0,1.0,0.0,0.0
0,0,1,0,0.5250680364412778,0.9784635459796112,0.5890277619341031,0.5630154442453923,0.0,1.0,0.0,0.0
0,1,0,0,0.616732005635066,0.500943927835597,0.5,0.9939286328074992,0.0,0.0,0.0,1.0
0,1,0,0,0.5995295672401324,0.7833066804611257,0.9834832442466658,0.5,0.0,0.0,1.0,0.0
0,0,0,1,0.5,0.6215796341011236,0.5035574580941709,0.9956238443518988,0.0,0.0,0.0,1.0
1,0,0,0,0.6138141046898834,0.5728583616329594,0.9963299275562484,0.5,0.0,0.0,1.0,0.0
1,0,0,0,0.96607139366396,0.5459632140236577,0.6584669644570316,0.624723386764418,1.0,0.0,0.0,0.0
0,0,0,1,0.6480912509126138,0.5,0.5,0.9985745805433166,0.0,0.0,0.0,1.0
1,0,0,0,0.9940869890710196,0.5161021456001917,0.615663070077216,0.6031048052543615,1.0,0.0,0.0,0.0
0,1,0,0,0.9888554136171412,0.5579362605664828,0.5913394975524356,0.5825721874151131,0.0,0.0,1.0,0.0
0,0,0,1,0.5893994963306646,0.5,0.5,0.9966040591527175,0.0,0.0,0.0,1.0
0,0,1,0,0.782064300879658,0.5,0.9805010510161792,0.5975093917830112,0.0,0.0,1.0,0.0
0,0,0,1,0.6035917677946303,0.5087734246630112,0.5,0.9946400554882316,0.0,0.0,0.0,1.0
0,0,0,1,0.5547659258127627,0.5210692319910759,0.5,0.997206186717445,0.0,0.0,0.0,1.0
0,1,0,0,0.6906208180464523,0.5,0.6222891973134415,0.984687485026136,0.0,0.0,0.0,1.0
0,1,0,0,0.5355213569924899,0.990134337983828,0.5568048452434922,0.5635767413703328,0.0,1.0,0.0,0.0
1,0,0,0,0.5,0.9968336130768932,0.5,0.5742501513805633,0.0,1.0,0.0,0.0
0,1,0,0,0.6563611140831022,0.5,0.998086340838989,0.5,0.0,0.0,1.0,0.0
0,0,0,1,0.6974634581878154,0.5,0.5,0.9957572244380504,0.0,0.0,0.0,1.0
0,1,0,0,0.6630272091177492,0.5,0.5,0.999548747438176,0.0,0.0,0.0,1.0
1,0,0,0,0.9935426376083004,0.5,0.5828432870429943,0.7741351216172827,1.0,0.0,0.0,0.0
1,0,0,0,0.5018434049857946,0.989119991729374,0.520950411682237,0.6093445720866144,0.0,1.0,0.0,0.0
0,0,1,0,0.7770834415341212,0.5,0.983484251160109,0.6355372808448917,0.0,0.0,1.0,0.0
0,0,1,0,0.6116185396330289,0.5,0.9983659458482294,0.5,0.0,0.0,1.0,0.0
0,0,0,1,0.5,0.5627935874862604,0.542308839198578,0.9969454289220608,0.0,0.0,0.0,1.0
0,0,1,0,0.6601799499215499,0.536049914046489,0.9963887870707157,0.5,0.0,0.0,1.0,0.0
0,0,1,0,0.691203551591036,0.5643896706133992,0.987328603046916,0.5,0.0,0.0,1.0,0.0
1,0,0,0,0.9914893528542496,0.5,0.625708745072883,0.6813247177114267,1.0,0.0,0.0,0.0
0,0,1,0,0.7096076409309666,0.5,0.9789062302763728,0.7047985308368296,0.0,0.0,1.0,0.0
1,0,0,0,0.9947995549406956,0.5,0.5,0.7049959195198053,1.0,0.0,0.0,0.0
0,0,1,0,0.5,0.6275650411989192,0.9972691721138788,0.522403287244415,0.0,0.0,1.0,0.0
0,0,1,0,0.6398011023206931,0.5,0.998971620123154,0.5,0.0,0.0,1.0,0.0
1,0,0,0,0.9868229294698876,0.5,0.5,0.9267064319724349,1.0,0.0,0.0,0.0
0,0,0,1,0.6628504165098411,0.5024471832608091,0.5,0.9873294978602088,0.0,0.0,0.0,1.0
0,0,0,1,0.5862061281850832,0.7378356733985026,0.6057846460859712,0.880207949513185,0.0,0.0,0.0,1.0
0,0,0,1,0.9324978944721752,0.5032073713479516,0.7375188557012113,0.7927612909856201,0.0,0.0,0.0,1.0
0,0,0,1,0.6082983280534561,0.5,0.5986881914086886,0.9962868724054996,0.0,0.0,0.0,1.0
1,0,0,0,0.986584518772058,0.5392163158729396,0.6304738290920094,0.5834267963338542,1.0,0.0,0.0,0.0
1,0,0,0,0.9673193905091624,0.5,0.9333394938117882,0.5,1.0,0.0,0.0,0.0
1,0,0,0,0.6389088923930212,0.5,0.5,0.996561772038767,1.0,0.0,0.0,0.0
1,0,0,0,0.5323340753385266,0.6939511421271987,0.9962212923152988,0.5,0.0,0.0,1.0,0.0
0,0,1,0,0.5453801572559495,0.5631010389047768,0.9955911196448418,0.5398491952715039,0.0,0.0,1.0,0.0
0,1,0,0,0.5,0.9870982198635188,0.6026439369761497,0.5477022604663523,0.0,1.0,0.0,0.0
1,0,0,0,0.9877635323205411,0.5383946830194712,0.6235078619512316,0.6091104151582521,1.0,0.0,0.0,0.0
0,0,1,0,0.5792415292532239,0.5171354261740441,0.9978605847827926,0.5,0.0,0.0,1.0,0.0
0,0,1,0,0.5144174875353533,0.9340518655514968,0.768667312538428,0.6009114363468381,0.0,0.0,1.0,0.0
1,0,0,0,0.9945114647303948,0.5264238919747822,0.6726048051800878,0.5017943901273811,1.0,0.0,0.0,0.0
1,0,0,0,0.995908846201887,0.5,0.5804342883931102,0.7149304725710631,1.0,0.0,0.0,0.0
0,1,0,0,0.5,0.9933295271892166,0.6461160849854878,0.7398440931875147,0.0,1.0,0.0,0.0
0,0,1,0,0.5323152299592732,0.5,0.999171176849308,0.5,0.0,0.0,1.0,0.0
0,1,0,0,0.5,0.9906034159505824,0.5972473018130049,0.5368913594161965,0.0,1.0,0.0,0.0
0,1,0,0,0.5259838043113562,0.9942521275648184,0.5308891873784259,0.5639338537547709,0.0,1.0,0.0,0.0
0,1,0,0,0.5148602774737577,0.9820677978685068,0.5362483754235118,0.6478256061314176,0.0,1.0,0.0,0.0
0,1,0,0,0.6491362828526965,0.8225177355544506,0.5152137315452744,0.9611120394210276,0.0,1.0,0.0,0.0
0,1,0,0,0.6790654371617354,0.5239530444050329,0.994416017191705,0.5,0.0,0.0,1.0,0.0
0,0,0,1,0.6264771351781331,0.5746669246182179,0.6242552266697249,0.980796170665016,0.0,0.0,0.0,1.0
0,0,0,1,0.5501734334245855,0.5316631308420166,0.5,0.9974962331390012,0.0,0.0,0.0,1.0
0,0,0,1,0.6060331471727605,0.5,0.513059245559313,0.9961975491851482,0.0,0.0,0.0,1.0
0,1,0,0,0.5,0.9949883058573946,0.6022112938857263,0.5,0.0,1.0,0.0,0.0
0,0,0,1,0.6883969816654034,0.5,0.5,0.997321607650304,0.0,0.0,0.0,1.0
0,0,0,1,0.6309964187735952,0.5,0.5,0.9977694517280882,0.0,0.0,0.0,1.0
0,0,1,0,0.5,0.5864830334467744,0.9889920891186303,0.7466663054396888,0.0,0.0,1.0,0.0
0,1,0,0,0.5012904246557801,0.9919682332697004,0.5739217771462989,0.5270949528473268,0.0,1.0,0.0,0.0
0,1,0,0,0.9953258061263512,0.5428875191926723,0.6798155344331458,0.5,1.0,0.0,0.0,0.0
0,1,0,0,0.5177304261347185,0.9919358842057168,0.5353575412001114,0.5713229253572725,0.0,1.0,0.0,0.0
1,0,0,0,0.9904794210536512,0.5418784810882384,0.6324974337864757,0.5653739177897932,1.0,0.0,0.0,0.0
0,0,0,1,0.6203455012120782,0.5196754682384288,0.5,0.9908424740094826,0.0,0.0,0.0,1.0
0,1,0,0,0.5,0.9938979916612336,0.5062456905511348,0.5953922857006271,0.0,1.0,0.0,0.0
0,0,0,1,0.5298577183247551,0.5296227807127388,0.5,0.998226183843712,0.0,0.0,0.0,1.0
0,1,0,0,0.7475809087617934,0.5489960378929526,0.7331987662914635,0.9184944169305164,0.0,0.0,1.0,0.0
0,0,1,0,0.6782990409102589,0.5,0.9941193439908412,0.5,0.0,0.0,1.0,0.0
1,0,0,0,0.987378444316168,0.536954959021285,0.5229758525436379,0.6844210303495362,1.0,0.0,0.0,0.0
0,1,0,0,0.5107235797236418,0.9898393430177098,0.5416163916829335,0.5731162076503787,0.0,1.0,0.0,0.0
0,0,1,0,0.9933325722685196,0.5456874274942449,0.6467694396485278,0.6085656995140468,1.0,0.0,0.0,0.0
1,0,0,0,0.9934917541936296,0.5048528875872996,0.598467540331051,0.7467005785711082,1.0,0.0,0.0,0.0
0,0,0,1,0.7580101074985633,0.5,0.5,0.997092043050092,0.0,0.0,0.0,1.0
0,0,1,0,0.6691836330140526,0.5,0.995981294918204,0.5,0.0,0.0,1.0,0.0
0,0,0,1,0.7786092030928541,0.5,0.5,0.9975129439431084,0.0,0.0,0.0,1.0
1,0,0,0,0.9940467670313756,0.526663562881369,0.6148201785035362,0.5772204746684366,1.0,0.0,0.0,0.0
0,0,0,1,0.6649162564071176,0.5,0.5,0.995802315092712,0.0,0.0,0.0,1.0
0,0,0,1,0.5,0.9943155728871128,0.5521324778173305,0.6160488130200031,0.0,1.0,0.0,0.0
1,0,0,0,0.9941942018715092,0.544679977592483,0.6291021840113515,0.5229688935212117,1.0,0.0,0.0,0.0
0,0,0,1,0.5066664570946773,0.5994007138873947,0.5661452812807318,0.9901484600454652,0.0,0.0,0.0,1.0
1,0,0,0,0.5034737307464583,0.7545434195247551,0.9893486901647144,0.582781672612586,0.0,0.0,1.0,0.0
1,0,0,0,0.9912715598662128,0.5344771146660734,0.6590835389477133,0.5433409400122443,1.0,0.0,0.0,0.0
0,1,0,0,0.5232668093589877,0.9940207527467342,0.5356137140539418,0.5504093366908239,0.0,1.0,0.0,0.0
1,0,0,0,0.9957768309239644,0.5381096478924515,0.6543794797162974,0.5,1.0,0.0,0.0,0.0
0,1,0,0,0.5030657506982605,0.9910202040552304,0.5201356975878368,0.6032304383041471,0.0,1.0,0.0,0.0
0,1,0,0,0.9909678590254276,0.5367197982623523,0.5644180259674181,0.6143598942687406,1.0,0.0,0.0,0.0
0,0,1,0,0.6380292269647527,0.5,0.9967910195098514,0.5,0.0,0.0,1.0,0.0
0,0,1,0,0.8978563123305454,0.6788286098973006,0.8503624085804626,0.5473387446407377,1.0,0.0,0.0,0.0
0,1,0,0,0.9919154713963552,0.5226567618275527,0.5166363824594281,0.6841513364810106,1.0,0.0,0.0,0.0
1,0,0,0,0.9927270558410404,0.5,0.6854220994565648,0.8098973135840701,1.0,0.0,0.0,0.0
0,0,1,0,0.6838683878248206,0.5060318613260515,0.993187846968692,0.5,0.0,0.0,1.0,0.0
0,0,0,1,0.5860977163554189,0.5036157186364536,0.5,0.9970258202138474,0.0,0.0,0.0,1.0
0,1,0,0,0.5,0.9920429901244368,0.5526672869691741,0.579217690441134,0.0,1.0,0.0,0.0
1,0,0,0,0.9916897210031868,0.5360835192088673,0.5250168585830259,0.6460760567418509,1.0,0.0,0.0,0.0
0,1,0,0,0.8059521442386749,0.5225573735145838,0.976627972207314,0.5452880418504569,0.0,0.0,1.0,0.0
0,0,0,1,0.5891555079773229,0.5228562988696388,0.5,0.9955174090282898,0.0,0.0,0.0,1.0
0,1,0,0,0.5174396659789596,0.991930053924887,0.5315520636259287,0.5707376960915975,0.0,1.0,0.0,0.0
0,1,0,0,0.9893094804451033,0.5371918371325197,0.7646131496110187,0.5,1.0,0.0,0.0,0.0
0,1,0,0,0.5,0.990180455962653,0.5745418097850647,0.5871906971232531,0.0,1.0,0.0,0.0
0,0,0,1,0.6919626446219058,0.5,0.5,0.9965171468180892,0.0,0.0,0.0,1.0
0,0,0,1,0.5851028977759577,0.5,0.5,0.9975904257731644,0.0,0.0,0.0,1.0
0,0,1,0,0.5,0.7335899784972102,0.9966433881750428,0.5,0.0,0.0,1.0,0.0
0,1,0,0,0.5036214627332206,0.9502001808868534,0.6927681499030828,0.6935131552880044,0.0,1.0,0.0,0.0
1,0,0,0,0.9883422653848176,0.5461769441532398,0.6181788544604968,0.5916586347015931,1.0,0.0,0.0,0.0
1,0,0,0,0.983070744714545,0.5356794796292601,0.6620452580382072,0.5870819930931912,1.0,0.0,0.0,0.0
0,1,0,0,0.5247173112928363,0.9890487310605448,0.5876469632388366,0.5241414277112633,0.0,1.0,0.0,0.0
1,0,0,0,0.9978976666830895,0.5,0.5701532477071222,0.7497274146483054,1.0,0.0,0.0,0.0
1,0,0,0,0.9703285633287796,0.5063124670227066,0.5,0.8194408018436652,1.0,0.0,0.0,0.0
0,1,0,0,0.5,0.9943449147645824,0.5543969968144499,0.5847432716007844,0.0,1.0,0.0,0.0
0,0,0,1,0.5179270499571315,0.5070136506160035,0.5719917824062801,0.9967240340904672,0.0,0.0,0.0,1.0
0,1,0,0,0.6168893178545858,0.5,0.5,0.9984555369283544,0.0,0.0,0.0,1.0
0,1,0,0,0.5848531183310998,0.9834504634002836,0.5800229566054496,0.5469695879990772,0.0,1.0,0.0,0.0
1,0,0,0,0.6552861750107936,0.5,0.9985774967528468,0.5,0.0,0.0,1.0,0.0
0,1,0,0,0.603465303899701,0.5222535392319396,0.5,0.9935731458185012,0.0,0.0,0.0,1.0
0,1,0,0,0.5678099885250069,0.986399982572205,0.5711525076819831,0.5464051752785981,0.0,1.0,0.0,0.0
0,1,0,0,0.8024519678722503,0.5497907820465339,0.9825954506740092,0.5,0.0,0.0,1.0,0.0
0,0,1,0,0.5,0.7173078522663646,0.9912024359088584,0.669701651638346,0.0,0.0,1.0,0.0
1,0,0,0,0.5,0.9927650788165138,0.5771644143976951,0.5944411480273216,0.0,1.0,0.0,0.0
0,0,1,0,0.6377735199960313,0.5302734737515252,0.98578579480847,0.6383243912487611,0.0,0.0,1.0,0.0
0,0,0,1,0.6120929155379223,0.5,0.5,0.9990626317936,0.0,0.0,0.0,1.0
0,1,0,0,0.9952337454167172,0.5586182006720437,0.5922456297487989,0.6425415677943285,1.0,0.0,0.0,0.0
1,0,0,0,0.9901576095985088,0.5540076180028402,0.5941394598564422,0.5825916175218389,1.0,0.0,0.0,0.0
0,1,0,0,0.532533274248677,0.9890596543540952,0.5442859161135752,0.5703253777485497,0.0,1.0,0.0,0.0
1,0,0,0,0.982037188895815,0.5449886638825511,0.6591645468173426,0.6157129609590193,1.0,0.0,0.0,0.0
0,0,0,1,0.5579085414777608,0.9684905734776402,0.5820293963028028,0.6039915917399487,0.0,0.0,0.0,1.0
0,0,1,0,0.521196950380015,0.5846583770299504,0.9971764408615884,0.5025590062219524,0.0,0.0,1.0,0.0
0,0,1,0,0.7359347791685792,0.5,0.9860587770483994,0.6611366786857165,0.0,0.0,1.0,0.0
1,0,0,0,0.9942345898766176,0.5494196844265309,0.6110914346207209,0.5292305670520574,1.0,0.0,0.0,0.0
0,1,0,0,0.5689548519641607,0.9860298858397416,0.5784077874583403,0.5368690255405404,0.0,1.0,0.0,0.0
1,0,0,0,0.9839898014880152,0.5,0.5,0.8613561294218668,1.0,0.0,0.0,0.0
0,1,0,0,0.5117192314529667,0.6302713550649387,0.994733003063996,0.5,0.0,0.0,1.0,0.0
0,0,0,1,0.5499160573320564,0.5,0.5,0.9992694541836524,0.0,0.0,0.0,1.0
0,1,0,0,0.5,0.6111757730508579,0.966337171862981,0.9122857870339516,0.0,0.0,1.0,0.0
0,0,1,0,0.5918144306622343,0.5624103092255629,0.9945977239251752,0.5,0.0,0.0,1.0,0.0
0,1,0,0,0.5,0.9851951587473085,0.5870037197778054,0.5796027777827807,0.0,1.0,0.0,0.0
0,1,0,0,0.9433167699237178,0.5,0.8198722460438133,0.907911958443753,1.0,0.0,0.0,0.0
1,0,0,0,0.9947166441449372,0.5096009789916501,0.6644706694820376,0.543914577431392,1.0,0.0,0.0,0.0
0,0,0,1,0.6391270378639515,0.5,0.5,0.996079141649412,0.0,0.0,0.0,1.0
0,0,0,1,0.5758791773646148,0.594818443471507,0.5101276565781365,0.9962416218828396,0.0,0.0,0.0,1.0
0,1,0,0,0.5172993957439147,0.9955645401047905,0.5078975546058019,0.5646945161789889,0.0,1.0,0.0,0.0
1,0,0,0,0.6219776881289291,0.5,0.9976581235383272,0.5,0.0,0.0,1.0,0.0
0,0,0,1,0.5461381545637708,0.6221524099572626,0.5570441741126366,0.9705696446056712,0.0,0.0,0.0,1.0
0,0,0,1,0.5793931461937091,0.5,0.6330714287662526,0.9951268212611032,0.0,0.0,0.0,1.0
1,0,0,0,0.9907462536094512,0.5280751088967366,0.6774392554531324,0.542703846967496,1.0,0.0,0.0,0.0
0,0,1,0,0.5,0.5307798354354842,0.9964298454938112,0.6665080468917164,0.0,0.0,1.0,0.0
1,0,0,0,0.5744503223978947,0.6634603671509925,0.9901127718794756,0.5783145007971077,0.0,0.0,1.0,0.0
1,0,0,0,0.6042664257588768,0.5,0.997184898519304,0.5,0.0,0.0,1.0,0.0
1,0,0,0,0.9882860928933496,0.5497844233255829,0.6220017364193741,0.57923777404744,1.0,0.0,0.0,0.0
0,0,0,1,0.5,0.638249791119564,0.5223176505213281,0.9936997683397656,0.0,0.0,0.0,1.0
0,0,0,1,0.6411638820085155,0.5523500621587049,0.5291902930287787,0.9848221739667916,0.0,0.0,0.0,1.0
0,0,0,1,0.7303278245608006,0.5,0.9743640001312188,0.8292542554521382,0.0,0.0,0.0,1.0
0,1,0,0,0.7030847106223479,0.6849587592997938,0.6833460511534917,0.8418487415919536,1.0,0.0,0.0,0.0
0,0,1,0,0.989327172414454,0.5176836077354886,0.7566945250121745,0.5430605009345161,1.0,0.0,0.0,0.0
1,0,0,0,0.9932514411878206,0.5444503418427201,0.6325275812428304,0.5414658411426081,1.0,0.0,0.0,0.0
0,1,0,0,0.5681004371945113,0.9869999242085212,0.5866528953047176,0.5348988009356374,0.0,1.0,0.0,0.0
0,1,0,0,0.5143478878325654,0.9901331361723714,0.5746071620786221,0.5285081018702389,0.0,1.0,0.0,0.0
0,0,0,1,0.5872436481580384,0.5161238117163859,0.5,0.9961417162341522,0.0,0.0,0.0,1.0
0,1,0,0,0.5,0.7911284864112771,0.9597512556469822,0.5479582599736272,0.0,0.0,1.0,0.0
0,1,0,0,0.7740054472235192,0.5,0.5,0.9918723971677168,0.0,0.0,0.0,1.0
0,0,1,0,0.5472347713610509,0.9784161428185018,0.5559737485111421,0.6012482885396981,0.0,1.0,0.0,0.0
1,0,0,0,0.9934250671308787,0.5,0.5349242429588645,0.717352449204463,1.0,0.0,0.0,0.0
0,1,0,0,0.6871434244383162,0.5,0.9985788744680484,0.5,0.0,0.0,1.0,0.0
0,0,1,0,0.9952270908267448,0.5743303786305989,0.658420664209398,0.6295020950039139,1.0,0.0,0.0,0.0
0,1,0,0,0.5,0.9957994199580658,0.54733408546202,0.5807090135471134,0.0,1.0,0.0,0.0
0,1,0,0,0.6340622292362961,0.9598147277729516,0.6411500313517263,0.5649512111271391,0.0,1.0,0.0,0.0
0,1,0,0,0.5000081826001398,0.9986219373788692,0.5,0.5801486900410092,0.0,1.0,0.0,0.0
0,0,1,0,0.9912132819170753,0.5046085006252242,0.7823857230102018,0.6695681040502149,1.0,0.0,0.0,0.0
1,0,0,0,0.5152207006901705,0.9905397678120212,0.5311541343771323,0.5853398374214093,0.0,1.0,0.0,0.0
0,1,0,0,0.5365120488363357,0.6816197744990392,0.5,0.9982133011561608,0.0,0.0,0.0,1.0
0,1,0,0,0.9891105353581686,0.5190238939681977,0.738896827089822,0.5,1.0,0.0,0.0,0.0
0,1,0,0,0.5143228707377547,0.9881047785797048,0.537264173902094,0.5947439501118067,0.0,1.0,0.0,0.0
1,0,0,0,0.9970138111994732,0.5239176832132119,0.6201140168791712,0.5177727162740117,1.0,0.0,0.0,0.0
0,1,0,0,0.6315191729277477,0.5852486485739815,0.944777842857464,0.8643897884389574,0.0,1.0,0.0,0.0
0,0,0,1,0.7119797759663785,0.5,0.5,0.9908502543960868,0.0,0.0,0.0,1.0
0,1,0,0,0.5752125172439121,0.9827086983672436,0.5882505168661752,0.5370745042017131,0.0,1.0,0.0,0.0
1,0,0,0,0.6059574640414591,0.5,0.9982880155843928,0.5,0.0,0.0,1.0,0.0
0,1,0,0,0.5,0.9929616409368852,0.5089765305316236,0.5990190536481071,0.0,1.0,0.0,0.0
0,1,0,0,0.5042031665210549,0.5888437902985444,0.592624460118999,0.9901334529429454,0.0,0.0,0.0,1.0
0,0,1,0,0.5400886887783738,0.5407332841908425,0.5,0.9973636948837225,0.0,0.0,0.0,1.0
1,0,0,0,0.9967323145866444,0.5442738890905823,0.5913168760570512,0.5168846173253792,1.0,0.0,0.0,0.0
0,0,0,1,0.5322773756945287,0.5,0.5,0.998494443586332,0.0,0.0,0.0,1.0
0,0,0,1,0.5608255362517826,0.5,0.5,0.9993981632057852,0.0,0.0,0.0,1.0
1,0,0,0,0.9949554379640738,0.5133199163139543,0.6333387063859286,0.6022900869319079,1.0,0.0,0.0,0.0
0,0,1,0,0.7642215373153013,0.5,0.9730151865299704,0.6528714367928855,1.0,0.0,0.0,0.0
1,0,0,0,0.9880684452106316,0.5882042456581019,0.608904092914332,0.570564891241098,1.0,0.0,0.0,0.0
0,1,0,0,0.5212864432664683,0.986143885862,0.6242778894422768,0.5125665644287327,0.0,1.0,0.0,0.0
0,1,0,0,0.5,0.9882933828307268,0.5593422456914033,0.6190560177949174,0.0,1.0,0.0,0.0
0,1,0,0,0.5186505898501647,0.9864106483038972,0.6057038785626211,0.5369358118356199,0.0,1.0,0.0,0.0
0,0,1,0,0.5657742351139785,0.969215687949917,0.632792795367402,0.5305067061804535,0.0,1.0,0.0,0.0
0,0,1,0,0.6231908077154266,0.5,0.9978666808667186,0.5,0.0,0.0,1.0,0.0
0,0,0,1,0.6191372669321382,0.5,0.5,0.998196380370724,0.0,0.0,0.0,1.0
0,0,0,1,0.5515844861707042,0.5198189731974353,0.5,0.9974343111410724,0.0,0.0,0.0,1.0
0,0,1,0,0.5383824101813742,0.5743228449693634,0.9963035996491136,0.5,0.0,0.0,1.0,0.0
0,1,0,0,0.9338922219684006,0.5327600081355748,0.9494895687102258,0.5,0.0,0.0,1.0,0.0
0,0,0,1,0.5906863510071211,0.6212430930173182,0.5,0.9912781956424777,0.0,0.0,0.0,1.0
0,0,0,1,0.6643303781879398,0.5,0.5,0.9968278961972916,0.0,0.0,0.0,1.0
1,0,0,0,0.5,0.9960220021329196,0.5691435717717117,0.5399095830433669,0.0,1.0,0.0,0.0
0,1,0,0,0.5410757523079882,0.5483153928530909,0.9693054769335824,0.6946628744923843,0.0,0.0,1.0,0.0
0,1,0,0,0.569564446389618,0.5359010883121191,0.9963008451158716,0.5,0.0,0.0,1.0,0.0
0,0,1,0,0.5135554396009887,0.9931445513361644,0.5816612585910041,0.5037779610589785,0.0,1.0,0.0,0.0
1,0,0,0,0.9949379607525984,0.5,0.6419139609335512,0.5740576658229708,1.0,0.0,0.0,0.0
0,1,0,0,0.5447186770499782,0.9836247017487556,0.5752429483998797,0.5555923510464732,0.0,1.0,0.0,0.0
1,0,0,0,0.5885069075765679,0.9696718999323904,0.6519408133283483,0.5238660347771827,0.0,1.0,0.0,0.0
0,0,1,0,0.5,0.9935648828652252,0.5752650559602579,0.5496541692440562,0.0,1.0,0.0,0.0
0,0,1,0,0.6606761769574587,0.5,0.5,0.9953719845296262,0.0,0.0,0.0,1.0
0,0,1,0,0.598288021090606,0.5,0.9978415112276082,0.5,0.0,0.0,1.0,0.0
0,1,0,0,0.8673000626154366,0.5,0.9868913252902036,0.5499935665402792,0.0,0.0,1.0,0.0
0,1,0,0,0.9943502828845784,0.5576956930297357,0.5477567520846107,0.5993184658157941,1.0,0.0,0.0,0.0
0,0,0,1,0.6738015938869155,0.5,0.5,0.9971496296794368,0.0,0.0,0.0,1.0
0,0,1,0,0.6893048508769838,0.6697727788235767,0.9044544892613436,0.807522854516558,0.0,0.0,1.0,0.0
1,0,0,0,0.9496568077443778,0.5,0.877289083915825,0.7025935057456528,1.0,0.0,0.0,0.0
0,0,0,1,0.6201912195013141,0.5,0.5,0.9986984637786236,0.0,0.0,0.0,1.0
1,0,0,0,0.9879203165205594,0.533639090762085,0.6328619600187215,0.6001289722833673,1.0,0.0,0.0,0.0
0,0,0,1,0.665299078667399,0.5,0.5,0.9975647945302638,0.0,0.0,0.0,1.0
0,1,0,0,0.5501167663692215,0.7371539126636665,0.9186676123829164,0.5625758125808303,0.0,0.0,1.0,0.0
0,1,0,0,0.5045444999123124,0.9898628775228542,0.5914861857851099,0.5270777999432994,0.0,1.0,0.0,0.0
0,1,0,0,0.5,0.9941275868258588,0.6976278277453823,0.5250774358680032,0.0,1.0,0.0,0.0
1,0,0,0,0.973228904403368,0.5101578413550946,0.865109134241789,0.5287269660547348,1.0,0.0,0.0,0.0
0,0,1,0,0.5511103851938656,0.6300535669009336,0.9917447520724736,0.5,0.0,0.0,1.0,0.0
1,0,0,0,0.9651925661870964,0.5,0.5200303898877037,0.8364862520493255,1.0,0.0,0.0,0.0
1,0,0,0,0.5964207002870847,0.5349089251254648,0.9689345748915552,0.6694540104983178,0.0,0.0,1.0,0.0
0,1,0,0,0.5,0.9951734903896682,0.5,0.6116021934443032,0.0,1.0,0.0,0.0
1,0,0,0,0.5,0.9936864101869726,0.5446778933053894,0.5502550942392397,0.0,1.0,0.0,0.0
1,0,0,0,0.7288147504720757,0.5062896122716337,0.9953527554094008,0.5,0.0,0.0,1.0,0.0
1,0,0,0,0.957281575779344,0.5,0.8989652235640665,0.5989746995420809,1.0,0.0,0.0,0.0
1,0,0,0,0.9074654116214704,0.5318687085887744,0.8521168573325475,0.6741195984536604,1.0,0.0,0.0,0.0
1,0,0,0,0.9799784861078252,0.5,0.8360304712864857,0.5710294741268979,1.0,0.0,0.0,0.0
1,0,0,0,0.9961287908532606,0.5,0.7328701122180173,0.5616328977592114,1.0,0.0,0.0,0.0
1,0,0,0,0.9855301662052468,0.5,0.5,0.7815842121044675,1.0,0.0,0.0,0.0
0,0,1,0,0.6271777410549649,0.5070851917683455,0.99694663246318,0.5,0.0,0.0,1.0,0.0
0,0,1,0,0.9917336419368172,0.5,0.7389961468884734,0.6250143632832919,1.0,0.0,0.0,0.0
1,0,0,0,0.9786096225502888,0.5,0.5552538979502256,0.7558065572762805,1.0,0.0,0.0,0.0
1,0,0,0,0.9936543018344648,0.5,0.7632719216581417,0.5519487027596248,1.0,0.0,0.0,0.0
1,0,0,0,0.9967439016492682,0.5,0.5,0.8219669057159249,1.0,0.0,0.0,0.0
1,0,0,0,0.9668064298582898,0.6009417682521948,0.7374008915466107,0.5,1.0,0.0,0.0,0.0
0,0,1,0,0.5234201128994006,0.9879484632490256,0.5488891429065554,0.5786034997363645,0.0,1.0,0.0,0.0
0,0,1,0,0.9886927461574658,0.5307165594419633,0.6635565280868626,0.6903079888492565,1.0,0.0,0.0,0.0
0,0,0,1,0.6036243834498932,0.5,0.5,0.9976788491710664,0.0,0.0,0.0,1.0
0,0,0,1,0.5728562541339004,0.5,0.5,0.9982124343457432,0.0,0.0,0.0,1.0
0,1,0,0,0.5,0.995855494483029,0.5,0.6094178107314744,0.0,1.0,0.0,0.0
1,0,0,0,0.995888497249628,0.5143207918701501,0.6251337400904361,0.611057528810808,1.0,0.0,0.0,0.0
0,0,0,1,0.5779727678241339,0.5094386152152781,0.5,0.995982831022166,0.0,0.0,0.0,1.0
0,1,0,0,0.5317357788445485,0.9856182792964092,0.5719169517471567,0.5510748704985212,0.0,1.0,0.0,0.0
0,0,0,1,0.5198841132243579,0.5393210616910633,0.5,0.9985428765494024,0.0,0.0,0.0,1.0
0,1,0,0,0.5,0.9957722865783936,0.5779043468308359,0.5583431404484333,0.0,1.0,0.0,0.0
0,0,0,1,0.705137577910111,0.5,0.5,0.9992489620901368,0.0,0.0,0.0,1.0
0,0,0,1,0.7061298583967708,0.5,0.5,0.9984493316505988,0.0,0.0,0.0,1.0
0,0,0,1,0.6287635513842985,0.5,0.5411818929112182,0.9919564817807724,0.0,0.0,0.0,1.0
0,1,0,0,0.5283210222995587,0.9947687842816372,0.5218801593789393,0.5632731480153462,0.0,1.0,0.0,0.0
0,1,0,0,0.9891991725178616,0.5561747750486156,0.6854245413072587,0.5161939824244303,1.0,0.0,0.0,0.0
1,0,0,0,0.9751869252653448,0.5,0.8603366938054815,0.7421938680407915,1.0,0.0,0.0,0.0
0,1,0,0,0.5060134927224443,0.9842036561034462,0.5313297342924878,0.6269525874450096,0.0,1.0,0.0,0.0
0,1,0,0,0.6196780173667563,0.5169108431837245,0.9973714656153392,0.5,0.0,0.0,1.0,0.0
0,1,0,0,0.5156777742179831,0.9935081207951598,0.522788059907408,0.5665331082538214,0.0,1.0,0.0,0.0
0,0,0,1,0.5108217290681855,0.5,0.5031938416479977,0.9987930711951366,0.0,0.0,0.0,1.0
1,0,0,0,0.5,0.6119029896187866,0.996842726723257,0.5,0.0,0.0,1.0,0.0
0,0,0,1,0.5586518697496465,0.50550013945704,0.5,0.9978357625269264,0.0,0.0,0.0,1.0
0,0,0,1,0.6932447323217868,0.5,0.5,0.9950928506093916,0.0,0.0,0.0,1.0
0,0,0,1,0.6276472038747528,0.5,0.5,0.9956539777111324,0.0,0.0,0.0,1.0
0,0,0,1,0.6276245952469499,0.5,0.5,0.9995827373445456,0.0,0.0,0.0,1.0
0,1,0,0,0.5003117229385622,0.996454283549504,0.5092033629649648,0.5617090142164892,0.0,1.0,0.0,0.0
0,0,1,0,0.5412439711854785,0.5442805715977483,0.9937505046803364,0.5781389008994967,0.0,0.0,1.0,0.0
1,0,0,0,0.9829650337884228,0.5,0.5,0.8149593075838656,1.0,0.0,0.0,0.0
0,0,0,1,0.6053007304966718,0.5689657567757458,0.5053515700268264,0.9906651671954344,0.0,0.0,0.0,1.0
0,1,0,0,0.9975898067426208,0.5,0.5583562071715132,0.9332716422705668,1.0,0.0,0.0,0.0
0,0,0,1,0.6415590064299765,0.5,0.5,0.9982120633349516,0.0,0.0,0.0,1.0
0,0,0,1,0.6316320549734654,0.5,0.5,0.9980257569859612,0.0,0.0,0.0,1.0
0,0,0,1,0.7130207439392892,0.6136040973891843,0.9649300218110362,0.5129546506331732,0.0,0.0,0.0,1.0
0,1,0,0,0.9841124591021386,0.5,0.8591106721262516,0.5,1.0,0.0,0.0,0.0
1,0,0,0,0.980698296306225,0.5163887273464971,0.8398398891931356,0.5,1.0,0.0,0.0,0.0
0,0,0,1,0.5695910267298337,0.5,0.6239729380163159,0.9957270269110076,0.0,0.0,0.0,1.0
0,1,0,0,0.5,0.9932165640310204,0.5107689979622425,0.6406943370823717,0.0,1.0,0.0,0.0
0,0,0,1,0.5,0.5411944433485198,0.7664963326220594,0.989659030792221,0.0,0.0,0.0,1.0
0,0,1,0,0.5283165997113365,0.6006181475311859,0.9940424876193772,0.5882125832530679,0.0,0.0,1.0,0.0
0,0,0,1,0.6670529785672659,0.5,0.5,0.9921984086183708,0.0,0.0,0.0,1.0
0,0,1,0,0.9887648773915608,0.5,0.7749786120719838,0.7135277499038436,1.0,0.0,0.0,0.0
1,0,0,0,0.984119987310376,0.5109248950115987,0.8144648123507026,0.5,1.0,0.0,0.0,0.0
0,1,0,0,0.9971956174344264,0.5,0.652903288491109,0.6038923616526087,1.0,0.0,0.0,0.0
1,0,0,0,0.9901553601839628,0.5917006904114434,0.599114750194714,0.5561508367493381,1.0,0.0,0.0,0.0
0,0,1,0,0.5580793414782577,0.8594338031195281,0.9371396349714072,0.5,0.0,1.0,0.0,0.0
1,0,0,0,0.9934010602838405,0.5549845205901455,0.6001052352634464,0.5393622674750926,1.0,0.0,0.0,0.0
0,1,0,0,0.9862350866588494,0.5,0.6784953654620869,0.7038403564565202,1.0,0.0,0.0,0.0
1,0,0,0,0.5061725464445126,0.9910483791039094,0.529644155588875,0.5952647589609491,0.0,1.0,0.0,0.0
0,1,0,0,0.5,0.9926658609238128,0.5499055903051432,0.601385837443805,0.0,1.0,0.0,0.0
0,1,0,0,0.5,0.987538469137914,0.552077315839927,0.6658790109658564,0.0,1.0,0.0,0.0
0,1,0,0,0.5,0.9938380378568435,0.5990421892973418,0.5124333419569768,0.0,1.0,0.0,0.0
0,0,0,1,0.5561922908915489,0.5243024954556448,0.5,0.9984000513258238,0.0,0.0,0.0,1.0
0,0,0,1,0.565431286964142,0.5323615345232208,0.5136109184906237,0.9954492637377628,0.0,0.0,0.0,1.0
0,1,0,0,0.6465709708808172,0.5276530742489763,0.9950963234019092,0.5,0.0,0.0,1.0,0.0
0,0,1,0,0.7035932597616275,0.5,0.9936604535098932,0.5,0.0,0.0,1.0,0.0
1,0,0,0,0.5,0.569890038841798,0.9981987662317244,0.505574233843342,0.0,0.0,1.0,0.0
0,0,1,0,0.6543199469578725,0.5,0.997604770187246,0.5,0.0,0.0,1.0,0.0
1,0,0,0,0.8469648578034779,0.7419526496685899,0.6529778063903733,0.7537462219325585,1.0,0.0,0.0,0.0
1,0,0,0,0.9936730059045856,0.5,0.6605153290828412,0.6635712584370019,1.0,0.0,0.0,0.0
0,0,0,1,0.7480964426891941,0.5,0.5,0.9969926046362596,0.0,0.0,0.0,1.0
0,1,0,0,0.6476142676943536,0.524599739074551,0.994081100128102,0.5,0.0,0.0,1.0,0.0
0,0,0,1,0.6347927477098407,0.5,0.5,0.9964580873302512,0.0,0.0,0.0,1.0
1,0,0,0,0.9933808584849052,0.5522780594764881,0.5474342301328771,0.5966820971071719,1.0,0.0,0.0,0.0
0,1,0,0,0.5401526621229664,0.989733171390362,0.562057558001578,0.5414509610369002,0.0,1.0,0.0,0.0
0,0,1,0,0.6680232075692204,0.6907330307058517,0.9387872391320704,0.5944373041696928,0.0,0.0,1.0,0.0
0,1,0,0,0.5036246085756948,0.9907380837074392,0.522423080836571,0.6062899167014123,0.0,1.0,0.0,0.0
0,0,0,1,0.5679133551979307,0.9453593087060764,0.5531670654749739,0.671716478458329,0.0,0.0,0.0,1.0
0,1,0,0,0.5145967446211951,0.9956024557161898,0.5041899594347354,0.5795685455805862,0.0,1.0,0.0,0.0
0,1,0,0,0.9679685646313176,0.526003273932869,0.8968473829978838,0.5009484279701625,1.0,0.0,0.0,0.0
0,0,1,0,0.5522128712457494,0.9826324587409462,0.5660542451730575,0.5678661995486953,0.0,1.0,0.0,0.0
0,0,0,1,0.6594746182688925,0.5,0.5,0.9983589000251752,0.0,0.0,0.0,1.0
0,0,0,1,0.6124485652098032,0.5,0.5,0.9947251476729304,0.0,0.0,0.0,1.0
1,0,0,0,0.994809634707128,0.5245151039697232,0.6817012986043693,0.5779093919998517,1.0,0.0,0.0,0.0
1,0,0,0,0.9947700918111148,0.5501288404038045,0.5978547387476668,0.5330527197944994,1.0,0.0,0.0,0.0
0,0,0,1,0.6697863441834424,0.5,0.5,0.9968955504450376,0.0,0.0,0.0,1.0
0,0,0,1,0.6062068661086665,0.5091293439803948,0.997357359505379,0.5,0.0,0.0,1.0,0.0
0,0,0,1,0.6380729177412465,0.5,0.5,0.99769157595774,0.0,0.0,0.0,1.0
0,0,1,0,0.9923943896301972,0.5,0.7191024862933254,0.6652247218135918,1.0,0.0,0.0,0.0
0,1,0,0,0.5657687292263412,0.5124687921742861,0.9949075675805794,0.6089595413224493,0.0,0.0,1.0,0.0
0,0,0,1,0.8931617976704668,0.516228032999458,0.8729355904699115,0.7506702463203682,0.0,0.0,0.0,1.0
0,0,0,1,0.5497160402293325,0.5185636745665324,0.5537828683034296,0.9928116214907654,0.0,0.0,0.0,1.0
0,1,0,0,0.5,0.9896016955059764,0.7738110037358943,0.5592994128716223,0.0,1.0,0.0,0.0
0,0,0,1,0.6176370484206247,0.5125267512594347,0.5,0.9938318031303912,0.0,0.0,0.0,1.0
1,0,0,0,0.6494101185486879,0.5954840995641532,0.5207907933663094,0.9515012462768964,1.0,0.0,0.0,0.0
0,1,0,0,0.5,0.99646387695038,0.5,0.6053072738728399,0.0,1.0,0.0,0.0
1,0,0,0,0.9791018267248088,0.5,0.7199205003144541,0.9047835724530956,1.0,0.0,0.0,0.0
0,1,0,0,0.5265959623482143,0.6182345649911882,0.8674826499924226,0.9551772853773262,0.0,0.0,1.0,0.0
0,0,0,1,0.7332646154536571,0.5,0.5,0.9992404948084604,0.0,0.0,0.0,1.0
0,0,0,1,0.5995029776487321,0.514748585105218,0.5,0.9954337474950224,0.0,0.0,0.0,1.0
1,0,0,0,0.98882138925358,0.5496719184879832,0.6227626255836226,0.5765560679072164,1.0,0.0,0.0,0.0
0,0,0,1,0.5,0.5374726325299768,0.537744062528541,0.9980935958343328,0.0,0.0,0.0,1.0
0,0,1,0,0.578670320539823,0.5629882194589398,0.9915840106465476,0.5064555469942421,0.0,0.0,1.0,0.0
0,0,0,1,0.5602365150034415,0.9875847886497297,0.5723203241088671,0.5521754568416011,0.0,1.0,0.0,0.0
0,0,0,1,0.6083412672237014,0.5116301208267693,0.5068738003936875,0.9948042497509764,0.0,0.0,0.0,1.0
1,0,0,0,0.9899907962091212,0.5477022604663523,0.6643346979341661,0.7483464381729701,1.0,0.0,0.0,0.0
0,0,0,1,0.6140954822593506,0.580016771297595,0.9968055193481072,0.5,0.0,0.0,1.0,0.0
0,1,0,0,0.5348451470690087,0.981265850335479,0.5984900132925306,0.5492928938263393,0.0,1.0,0.0,0.0
0,1,0,0,0.5133261833872964,0.9893939440028464,0.6070710620592822,0.5110807675950657,0.0,1.0,0.0,0.0
0,1,0,0,0.5146771158804957,0.9944635674753572,0.5085499743264392,0.5782323507081688,0.0,1.0,0.0,0.0
0,0,1,0,0.9949389164796524,0.5,0.6350371016395837,0.6860503701829515,1.0,0.0,0.0,0.0
1,0,0,0,0.5369753657702452,0.9866754603985112,0.6261848987484849,0.5,0.0,1.0,0.0,0.0
0,0,1,0,0.69652749792631,0.5,0.9978219612712868,0.5,0.0,0.0,1.0,0.0
0,1,0,0,0.674754132553402,0.5,0.9952453755073356,0.5,0.0,0.0,1.0,0.0
0,0,0,1,0.6185045833219149,0.5,0.5267424846538659,0.998009437984732,0.0,0.0,0.0,1.0
1,0,0,0,0.9933477675132506,0.5525020630647162,0.5724390194261028,0.5721427835046649,1.0,0.0,0.0,0.0
0,0,1,0,0.5,0.9901130472867022,0.647843229788426,0.7131201345675587,0.0,1.0,0.0,0.0
0,0,0,1,0.6170278025051688,0.5,0.5,0.996077681350719,0.0,0.0,0.0,1.0
0,0,1,0,0.7062878794050422,0.5308495603518443,0.992530789053562,0.5,0.0,0.0,1.0,0.0
0,1,0,0,0.5025180346727516,0.9951845104721508,0.5042972251666041,0.5812343976516627,0.0,1.0,0.0,0.0
0,0,0,1,0.5843216512535753,0.5829038410076803,0.995981209031775,0.5,0.0,0.0,1.0,0.0
0,0,1,0,0.583577837262983,0.6152707549037589,0.99063821667449,0.5,0.0,0.0,1.0,0.0
0,1,0,0,0.5,0.9877144869069608,0.5687465221518568,0.5611444626525552,0.0,1.0,0.0,0.0
0,1,0,0,0.7744859161406221,0.5354547359346262,0.970051467240196,0.532205405566254,0.0,0.0,1.0,0.0
0,0,0,1,0.5356240548684311,0.5217917111871474,0.5,0.9973105032508648,0.0,0.0,0.0,1.0
1,0,0,0,0.8762678511940658,0.6155387589191988,0.705266261964774,0.7981572038300926,1.0,0.0,0.0,0.0
0,0,1,0,0.5,0.992864595948285,0.521595847203393,0.6161153625607086,0.0,1.0,0.0,0.0
1,0,0,0,0.9950569934680796,0.5409957984359673,0.622153460840766,0.5191640879614736,1.0,0.0,0.0,0.0
0,1,0,0,0.5089002963474974,0.987540000612051,0.606318692007516,0.5273062425422018,0.0,1.0,0.0,0.0
1,0,0,0,0.5769458927533506,0.5610378291712881,0.9803395379031494,0.5996999528160101,0.0,0.0,1.0,0.0
0,1,0,0,0.7281755638258783,0.5191223737927008,0.9811633981796476,0.5549915056741477,0.0,0.0,1.0,0.0
0,0,1,0,0.5,0.6098313348205137,0.9353318037413716,0.9527312963165012,0.0,0.0,1.0,0.0
0,0,1,0,0.5207024719091174,0.9907106308405016,0.5660708773841666,0.5382280069463248,0.0,1.0,0.0,0.0
0,0,0,1,0.6177280547653087,0.5,0.5,0.998396849777423,0.0,0.0,0.0,1.0
0,0,0,1,0.6176790442540345,0.5,0.5,0.9981510891599332,0.0,0.0,0.0,1.0
1,0,0,0,0.9774923997586104,0.5105061710958209,0.877572519000309,0.5,1.0,0.0,0.0,0.0
0,0,1,0,0.5,0.7432320314457179,0.9835723924568348,0.6003363847821608,0.0,0.0,1.0,0.0
0,1,0,0,0.5,0.9965169382856922,0.5680551291972579,0.5593476887973267,0.0,1.0,0.0,0.0
0,0,1,0,0.5093206898245031,0.9923258033136116,0.5295433237258256,0.5861884746005568,0.0,1.0,0.0,0.0
0,1,0,0,0.5,0.9958342799771732,0.5069766582746579,0.5773503482278095,0.0,1.0,0.0,0.0
0,1,0,0,0.5261573915545613,0.9898337256574338,0.5427098748907546,0.5925609132326111,0.0,1.0,0.0,0.0
0,0,0,1,0.6252268032133563,0.5,0.5,0.99902247686087,0.0,0.0,0.0,1.0
0,0,1,0,0.5,0.991378532337268,0.5815734434494518,0.5364031520635446,0.0,1.0,0.0,0.0
1,0,0,0,0.992785022185699,0.5127872949060975,0.7985279491416244,0.5,1.0,0.0,0.0,0.0
1,0,0,0,0.995266372435562,0.546309936993482,0.5934046563964055,0.5392654459883156,1.0,0.0,0.0,0.0
1,0,0,0,0.9906427749195372,0.5,0.8287153935853501,0.6307810147014031,1.0,0.0,0.0,0.0
0,0,1,0,0.5837890466126855,0.5612266742471235,0.9971569983555136,0.5,0.0,0.0,1.0,0.0
0,1,0,0,0.5,0.9959224525926154,0.5739492662275465,0.5904437923070192,0.0,1.0,0.0,0.0
0,1,0,0,0.5,0.9918969085019256,0.7670792598139069,0.5694022157983086,0.0,1.0,0.0,0.0
1,0,0,0,0.5884528574605818,0.5645661776675118,0.8552227644652142,0.85702046361609,1.0,0.0,0.0,0.0
0,0,1,0,0.5,0.9923187336531686,0.5071594217388705,0.6112043990101012,0.0,1.0,0.0,0.0
0,0,1,0,0.9929256284362012,0.5006594356051267,0.6757937758920396,0.619476443876258,1.0,0.0,0.0,0.0
0,1,0,0,0.9926718191563334,0.5434871200991948,0.6157808862131205,0.5510860255752029,1.0,0.0,0.0,0.0
0,0,1,0,0.5166248673020515,0.5639623624294897,0.9963480199495997,0.5805281139253378,0.0,0.0,1.0,0.0
0,0,0,1,0.6708187475104744,0.5,0.5,0.9990930342396956,0.0,0.0,0.0,1.0
0,0,0,1,0.7978876248755655,0.775006446681305,0.7336859542290693,0.6996699085517831,0.0,0.0,0.0,1.0
0,1,0,0,0.5201527075483149,0.9912069670805292,0.5512970259911761,0.5458192698036314,0.0,1.0,0.0,0.0
1,0,0,0,0.9871883782328584,0.5799908101538979,0.5,0.8345139720526078,1.0,0.0,0.0,0.0
0,1,0,0,0.9897319502920592,0.5326184661058649,0.6655726762152274,0.5542392446750256,1.0,0.0,0.0,0.0
1,0,0,0,0.9929111037953628,0.5402109417097399,0.6135873721394962,0.5624921385338338,1.0,0.0,0.0,0.0
0,0,0,1,0.713436218393865,0.5,0.5,0.9958294268742192,0.0,0.0,0.0,1.0
0,0,0,1,0.6035062525041158,0.5260320890504946,0.5,0.9913947380798752,0.0,0.0,0.0,1.0
0,0,0,1,0.5807948331379659,0.8533284927841303,0.5,0.9860268180611694,0.0,0.0,0.0,1.0
0,0,0,1,0.6857802478382602,0.5,0.5236071976780813,0.9909503050960512,0.0,0.0,0.0,1.0
0,0,0,1,0.6111951852459494,0.5,0.5,0.9983692066830128,0.0,0.0,0.0,1.0
1,0,0,0,0.9726566302566868,0.5,0.5432317492854284,0.7853025713546223,1.0,0.0,0.0,0.0
0,0,0,1,0.6455613542728053,0.5,0.5,0.9993769006652766,0.0,0.0,0.0,1.0
0,1,0,0,0.5,0.996249973647283,0.5,0.5739587692394718,0.0,1.0,0.0,0.0
0,1,0,0,0.6452818704889872,0.6173455206541981,0.9862982906026396,0.5879488019933523,0.0,0.0,1.0,0.0
0,1,0,0,0.5258360770796571,0.987222443602678,0.5814604270592669,0.558064472272805,0.0,1.0,0.0,0.0
0,0,0,1,0.5890654276333663,0.532713389391148,0.5,0.98854814404946,0.0,0.0,0.0,1.0
0,1,0,0,0.5260616674620798,0.9892963199279874,0.5388253952391756,0.5716583754293968,0.0,1.0,0.0,0.0
1,0,0,0,0.9940293169014562,0.5,0.5948586297164103,0.6977338344110476,1.0,0.0,0.0,0.0
1,0,0,0,0.9959542442313142,0.5036418985976152,0.6463539088989347,0.604702162016157,1.0,0.0,0.0,0.0
0,1,0,0,0.6760013037937179,0.5,0.9894643046153148,0.5,0.0,0.0,1.0,0.0
1,0,0,0,0.5094633106514792,0.9872222631525476,0.5705815109295894,0.5652114379700884,0.0,1.0,0.0,0.0
0,0,0,1,0.6428358239531272,0.5,0.5,0.9950389248814974,0.0,0.0,0.0,1.0
0,1,0,0,0.5658410732448316,0.9798252409929532,0.5696400144587337,0.5781368947599375,0.0,1.0,0.0,0.0
1,0,0,0,0.5,0.992066642084014,0.5740253179421029,0.5353801814158413,0.0,1.0,0.0,0.0
0,1,0,0,0.5,0.996495552537194,0.5142371230871665,0.6356117758668152,0.0,1.0,0.0,0.0
1,0,0,0,0.991782355259505,0.5399527725001917,0.6165870268366246,0.5712674595324612,1.0,0.0,0.0,0.0
0,1,0,0,0.613793193466023,0.5079969798305207,0.997530887435286,0.5,0.0,0.0,1.0,0.0
1,0,0,0,0.9975672282073644,0.5,0.6727455201347513,0.7908232692562943,1.0,0.0,0.0,0.0
0,1,0,0,0.6031544551898076,0.956646661990032,0.568377101271922,0.6393563545591743,0.0,1.0,0.0,0.0
1,0,0,0,0.992886614700505,0.5476553721010818,0.6109909819055845,0.5485288427818167,1.0,0.0,0.0,0.0
0,1,0,0,0.9839735222914304,0.5536508801954043,0.7553083830755484,0.50820130307873,0.0,0.0,1.0,0.0
0,0,1,0,0.5731652989699725,0.5,0.9938625011843318,0.6646601016975415,0.0,0.0,1.0,0.0
0,1,0,0,0.5217137564403039,0.990281193971113,0.5329187405171909,0.5821908170362604,0.0,1.0,0.0,0.0
0,1,0,0,0.5206955026794148,0.988722660472973,0.6174222489066553,0.5067942654060084,0.0,1.0,0.0,0.0
0,1,0,0,0.5376447699498045,0.9852251812076244,0.5741799684568129,0.5537321787547569,0.0,1.0,0.0,0.0
1,0,0,0,0.5,0.9874762968455126,0.5294641845039617,0.6541547640730144,0.0,1.0,0.0,0.0
0,1,0,0,0.5,0.9976234900733932,0.5,0.6049741759731095,0.0,1.0,0.0,0.0
0,1,0,0,0.8992663672836678,0.5036364748622768,0.9459629179551698,0.6206363233375116,0.0,0.0,1.0,0.0
1,0,0,0,0.5501482162662273,0.9934501911887442,0.5572306534288429,0.5198720270266226,0.0,1.0,0.0,0.0
1,0,0,0,0.9866252153679292,0.5309994418321583,0.6003449654101595,0.6410819265799761,1.0,0.0,0.0,0.0
0,1,0,0,0.6294205309519721,0.5064023511943285,0.9785496861980552,0.7451138500357781,0.0,0.0,1.0,0.0
0,0,0,1,0.5165950308871466,0.5047075698467961,0.6067988495948493,0.9961555538084896,0.0,0.0,0.0,1.0
1,0,0,0,0.9914850102325116,0.5632197316684086,0.6667231831426567,0.5,1.0,0.0,0.0,0.0
0,1,0,0,0.5012152971981737,0.5477104405573566,0.9965385756016996,0.5472325930542067,0.0,0.0,1.0,0.0
0,0,0,1,0.6480329033805213,0.5,0.5,0.9979563630811246,0.0,0.0,0.0,1.0
0,0,0,1,0.6449560333103731,0.5,0.5,0.9933439916344244,0.0,0.0,0.0,1.0
0,1,0,0,0.5389477713661135,0.9914910627372888,0.5551129867188297,0.5459245321695338,0.0,1.0,0.0,0.0
0,0,1,0,0.5773925777402507,0.5354493614200055,0.9949517054357748,0.5648353357040081,0.0,0.0,1.0,0.0
0,0,0,1,0.5,0.6355683580420717,0.5312709495184329,0.996220646053176,0.0,0.0,0.0,1.0
0,0,1,0,0.7771714394497814,0.5,0.9853731523762213,0.5629379116304711,0.0,0.0,1.0,0.0
0,1,0,0,0.5,0.9933109171998216,0.5121638611417737,0.6094911721246812,0.0,1.0,0.0,0.0
1,0,0,0,0.6318298792943228,0.5,0.9948174091865258,0.5,0.0,0.0,1.0,0.0
0,0,1,0,0.9491318866546864,0.5425955567109595,0.6558398404756051,0.7368407257370925,1.0,0.0,0.0,0.0
0,0,1,0,0.9084052215296152,0.5277104832795617,0.940943753238908,0.610502672583304,0.0,0.0,1.0,0.0
0,1,0,0,0.5141547618964103,0.9945048862074172,0.5157018959113981,0.5641588042754431,0.0,1.0,0.0,0.0
0,0,1,0,0.5713589162374604,0.5,0.9947622839909334,0.5898855529753283,0.0,0.0,1.0,0.0
0,0,0,1,0.6485856270246603,0.5,0.5,0.9926377331679612,0.0,0.0,0.0,1.0
0,0,1,0,0.5914739437845259,0.5691958385371082,0.9945835807439708,0.5097063430634692,0.0,0.0,1.0,0.0
1,0,0,0,0.5,0.9917188797594132,0.6117409050705453,0.6338177926442446,0.0,1.0,0.0,0.0
1,0,0,0,0.995897324617712,0.5640175976995068,0.6376465255345531,0.5,1.0,0.0,0.0,0.0
0,1,0,0,0.5112242707143716,0.994684707408156,0.5252295261135971,0.5624816506076833,0.0,1.0,0.0,0.0
1,0,0,0,0.5,0.9790505421745604,0.6278967114075947,0.6189779460008042,0.0,1.0,0.0,0.0
0,0,1,0,0.9962202905620752,0.524864152403001,0.6098069412392542,0.6714804544491438,1.0,0.0,0.0,0.0
1,0,0,0,0.9977168503780712,0.5334295141366869,0.6436521489400079,0.5,1.0,0.0,0.0,0.0
0,1,0,0,0.5,0.9898666424339028,0.6413094642198405,0.587460047361378,0.0,1.0,0.0,0.0
1,0,0,0,0.9886568780371364,0.5447528970905335,0.6261465575892603,0.5792507320108308,1.0,0.0,0.0,0.0
0,0,1,0,0.9947579269374808,0.5,0.7361795069246285,0.5434905214386165,1.0,0.0,0.0,0.0
0,0,1,0,0.7721441442776052,0.5260160616843835,0.9836986690348856,0.5,0.0,0.0,1.0,0.0
0,1,0,0,0.5248653582701709,0.9924407951460748,0.5342096846166717,0.5611156709209711,0.0,1.0,0.0,0.0
0,1,0,0,0.5329836573759493,0.990567426772612,0.5513956339751324,0.5483706132898065,0.0,1.0,0.0,0.0
0,1,0,0,0.5,0.9887607713713152,0.6138722653551533,0.5341182181884011,0.0,1.0,0.0,0.0
0,0,1,0,0.5,0.5943847678937828,0.6582699194997418,0.9944648196315796,0.0,0.0,0.0,1.0
0,0,0,1,0.6267770038675884,0.5145956149591018,0.5,0.990358938349284,0.0,0.0,0.0,1.0
0,0,0,1,0.6058968626379113,0.5,0.5,0.999032098285646,0.0,0.0,0.0,1.0
0,0,0,1,0.612895382279531,0.5,0.5,0.9993510604799776,0.0,0.0,0.0,1.0
0,0,1,0,0.5,0.6978414287364442,0.9960882469650876,0.5955566399233442,0.0,0.0,1.0,0.0
0,1,0,0,0.9913217254119516,0.5057070905863238,0.7086916520020887,0.6225723635557946,1.0,0.0,0.0,0.0
0,1,0,0,0.597452310740567,0.5,0.9982288515825796,0.5,0.0,0.0,1.0,0.0
1,0,0,0,0.9679061817527214,0.5,0.8731642708513866,0.7528201758465662,1.0,0.0,0.0,0.0
0,1,0,0,0.9063330288062053,0.531888594976781,0.9424653910840166,0.5,0.0,0.0,1.0,0.0
1,0,0,0,0.9901135980783706,0.5393532414922072,0.6713046356011788,0.5404216954291066,1.0,0.0,0.0,0.0
0,0,0,1,0.6098539196668924,0.5,0.6167945023623909,0.9951770986401468,0.0,0.0,0.0,1.0
0,1,0,0,0.5028838884657196,0.9950330649650294,0.5,0.6031024083071818,0.0,1.0,0.0,0.0
0,1,0,0,0.5,0.9910683407437242,0.5542658025194762,0.5572149033146452,0.0,1.0,0.0,0.0
0,0,1,0,0.6920267872010921,0.6249659293438058,0.9866769648690358,0.5239926275438115,0.0,0.0,1.0,0.0
0,0,0,1,0.6356817919495638,0.5,0.5,0.9953222642068604,0.0,0.0,0.0,1.0
1,0,0,0,0.9918750952424584,0.5325531127032502,0.6966895980283773,0.5084083646256565,1.0,0.0,0.0,0.0
0,1,0,0,0.5291248042350825,0.9953898676886064,0.525834785997538,0.5479973180275516,0.0,1.0,0.0,0.0
0,1,0,0,0.5057255637486958,0.9843300420069384,0.5617018972233114,0.5947815528883594,0.0,1.0,0.0,0.0
1,0,0,0,0.9919836277035604,0.5,0.652761687892063,0.6124421917510242,1.0,0.0,0.0,0.0
0,0,0,1,0.5134834935540352,0.9904737762334778,0.5584704309934384,0.5756264164751294,0.0,1.0,0.0,0.0
1,0,0,0,0.9544875658154248,0.5,0.5,0.9183272874160262,1.0,0.0,0.0,0.0
0,0,1,0,0.9851331247824948,0.5249741545360623,0.6386014858539284,0.6366425783190278,1.0,0.0,0.0,0.0
1,0,0,0,0.9911488850263144,0.5271617438183256,0.682170850895965,0.5198095035030879,1.0,0.0,0.0,0.0
0,0,0,1,0.5477599118398603,0.5352091826550764,0.9749027109127502,0.852634201607438,0.0,0.0,0.0,1.0
0,0,1,0,0.990041438962708,0.5899789886779048,0.6715521621195464,0.6033024792787518,1.0,0.0,0.0,0.0
0,1,0,0,0.6757236572538434,0.5285196646972987,0.9911418838166502,0.5,0.0,0.0,1.0,0.0
0,0,1,0,0.5601343423342711,0.538041048190718,0.9958406110211722,0.5515875968479315,0.0,0.0,1.0,0.0
0,0,1,0,0.6239058631952299,0.516631098401684,0.9970634989685908,0.5,0.0,0.0,1.0,0.0
0,0,1,0,0.5969753975326751,0.5277253757859022,0.9932940345529184,0.5013605695163745,0.0,0.0,1.0,0.0
0,0,1,0,0.7018364129412785,0.5,0.9953557629887976,0.5,0.0,0.0,1.0,0.0
1,0,0,0,0.9953984744205692,0.5534312146613738,0.6131060479572382,0.5120853335222103,1.0,0.0,0.0,0.0
0,0,0,1,0.8031562319662584,0.5774962377777868,0.5,0.9981809566773888,0.0,0.0,0.0,1.0
0,0,1,0,0.7122018377006871,0.5,0.9884977836757451,0.5688539939068371,0.0,0.0,1.0,0.0
1,0,0,0,0.6305760000100454,0.5333008073494556,0.9933688203796852,0.5,0.0,0.0,1.0,0.0
0,0,1,0,0.6246280935296241,0.5240750561393513,0.9911294287912872,0.6114811360522002,0.0,0.0,1.0,0.0
0,0,0,1,0.7137622255971161,0.5963966329295202,0.5,0.9933376800970776,0.0,0.0,0.0,1.0
0,1,0,0,0.6407131075964232,0.5,0.5,0.9992886398519232,0.0,0.0,0.0,1.0
0,0,1,0,0.9899610844378728,0.5622557359365387,0.6942952829962782,0.5999900979702497,1.0,0.0,0.0,0.0
0,1,0,0,0.7037258142664466,0.5,0.5,0.9910970687876196,0.0,0.0,0.0,1.0
0,1,0,0,0.5797398078482496,0.5086925062479857,0.9959481970521102,0.5,0.0,0.0,1.0,0.0
1,0,0,0,0.5181809844062106,0.5223358829180471,0.9964451152264684,0.5602399145525239,0.0,0.0,1.0,0.0
0,1,0,0,0.6574254594516818,0.5356132173975647,0.9454189098636608,0.7838172609704516,0.0,0.0,1.0,0.0
